Code;FromUtc;UntilUtc;OffsetHours
"hanoi";"2026-01-01T00:00:00";"2029-01-01T00:00:00";"7"
"mumbai";"2026-01-01T00:00:00";"2029-01-01T00:00:00";"5.5"
"minsk";"2026-01-01T00:00:00";"2029-01-01T00:00:00";"3"
"rome";"2026-01-01T00:00:00";"2026-03-29T01:00:00";"1"
"rome";"2026-03-29T01:00:00";"2026-10-25T01:00:00";"2"
"rome";"2026-10-25T01:00:00";"2027-03-28T01:00:00";"1"
"rome";"2027-03-28T01:00:00";"2027-10-31T01:00:00";"2"
"rome";"2027-10-31T01:00:00";"2028-03-26T01:00:00";"1"
"rome";"2028-03-26T01:00:00";"2028-10-29T01:00:00";"2"
"rome";"2028-10-29T01:00:00";"2029-01-01T00:00:00";"1"
"london";"2026-01-01T00:00:00";"2026-03-29T01:00:00";"0"
"london";"2026-03-29T01:00:00";"2026-10-25T01:00:00";"1"
"london";"2026-10-25T01:00:00";"2027-03-28T01:00:00";"0"
"london";"2027-03-28T01:00:00";"2027-10-31T01:00:00";"1"
"london";"2027-10-31T01:00:00";"2028-03-26T01:00:00";"0"
"london";"2028-03-26T01:00:00";"2028-10-29T01:00:00";"1"
"london";"2028-10-29T01:00:00";"2029-01-01T00:00:00";"0"
"new-york";"2026-01-01T00:00:00";"2026-03-08T07:00:00";"-5"
"new-york";"2026-03-08T07:00:00";"2026-11-01T06:00:00";"-4"
"new-york";"2026-11-01T06:00:00";"2027-03-14T07:00:00";"-5"
"new-york";"2027-03-14T07:00:00";"2027-11-07T06:00:00";"-4"
"new-york";"2027-11-07T06:00:00";"2028-03-12T07:00:00";"-5"
"new-york";"2028-03-12T07:00:00";"2028-11-05T06:00:00";"-4"
"new-york";"2028-11-05T06:00:00";"2029-01-01T00:00:00";"-5"
"los-angeles";"2026-01-01T00:00:00";"2026-03-08T10:00:00";"-8"
"los-angeles";"2026-03-08T10:00:00";"2026-11-01T09:00:00";"-7"
"los-angeles";"2026-11-01T09:00:00";"2027-03-14T10:00:00";"-8"
"los-angeles";"2027-03-14T10:00:00";"2027-11-07T09:00:00";"-7"
"los-angeles";"2027-11-07T09:00:00";"2028-03-12T10:00:00";"-8"
"los-angeles";"2028-03-12T10:00:00";"2028-11-05T09:00:00";"-7"
"los-angeles";"2028-11-05T09:00:00";"2029-01-01T00:00:00";"-8"
"abu-dhabi";"2026-01-01T00:00:00";"2029-01-01T00:00:00";"4"
"abuja";"2026-01-01T00:00:00";"2029-01-01T00:00:00";"1"
"accra";"2026-01-01T00:00:00";"2029-01-01T00:00:00";"0"
"addis-ababa";"2026-01-01T00:00:00";"2029-01-01T00:00:00";"3"
"adelaide";"2026-01-01T00:00:00";"2026-04-04T16:30:00";"10.5"
"adelaide";"2026-04-04T16:30:00";"2026-10-03T16:30:00";"9.5"
"adelaide";"2026-10-03T16:30:00";"2027-04-03T16:30:00";"10.5"
"adelaide";"2027-04-03T16:30:00";"2027-10-02T16:30:00";"9.5"
"adelaide";"2027-10-02T16:30:00";"2028-04-01T16:30:00";"10.5"
"adelaide";"2028-04-01T16:30:00";"2028-09-30T16:30:00";"9.5"
"adelaide";"2028-09-30T16:30:00";"2029-01-01T00:00:00";"10.5"
"algiers";"2026-01-01T00:00:00";"2029-01-01T00:00:00";"1"
"amman";"2026-01-01T00:00:00";"2029-01-01T00:00:00";"3"
"amsterdam";"2026-01-01T00:00:00";"2026-03-29T01:00:00";"1"
"amsterdam";"2026-03-29T01:00:00";"2026-10-25T01:00:00";"2"
"amsterdam";"2026-10-25T01:00:00";"2027-03-28T01:00:00";"1"
"amsterdam";"2027-03-28T01:00:00";"2027-10-31T01:00:00";"2"
"amsterdam";"2027-10-31T01:00:00";"2028-03-26T01:00:00";"1"
"amsterdam";"2028-03-26T01:00:00";"2028-10-29T01:00:00";"2"
"amsterdam";"2028-10-29T01:00:00";"2029-01-01T00:00:00";"1"
"andorra-la-vella";"2026-01-01T00:00:00";"2026-03-29T01:00:00";"1"
"andorra-la-vella";"2026-03-29T01:00:00";"2026-10-25T01:00:00";"2"
"andorra-la-vella";"2026-10-25T01:00:00";"2027-03-28T01:00:00";"1"
"andorra-la-vella";"2027-03-28T01:00:00";"2027-10-31T01:00:00";"2"
"andorra-la-vella";"2027-10-31T01:00:00";"2028-03-26T01:00:00";"1"
"andorra-la-vella";"2028-03-26T01:00:00";"2028-10-29T01:00:00";"2"
"andorra-la-vella";"2028-10-29T01:00:00";"2029-01-01T00:00:00";"1"
"ankara";"2026-01-01T00:00:00";"2029-01-01T00:00:00";"3"
"antananarivo";"2026-01-01T00:00:00";"2029-01-01T00:00:00";"3"
"arequipa";"2026-01-01T00:00:00";"2029-01-01T00:00:00";"-5"
"ashgabat";"2026-01-01T00:00:00";"2029-01-01T00:00:00";"5"
"astana";"2026-01-01T00:00:00";"2029-01-01T00:00:00";"6"
"asuncion";"2026-01-01T00:00:00";"2029-01-01T00:00:00";"-3"
"athens";"2026-01-01T00:00:00";"2026-03-29T01:00:00";"2"
"athens";"2026-03-29T01:00:00";"2026-10-25T01:00:00";"3"
"athens";"2026-10-25T01:00:00";"2027-03-28T01:00:00";"2"
"athens";"2027-03-28T01:00:00";"2027-10-31T01:00:00";"3"
"athens";"2027-10-31T01:00:00";"2028-03-26T01:00:00";"2"
"athens";"2028-03-26T01:00:00";"2028-10-29T01:00:00";"3"
"athens";"2028-10-29T01:00:00";"2029-01-01T00:00:00";"2"
"baghdad";"2026-01-01T00:00:00";"2029-01-01T00:00:00";"3"
"baku";"2026-01-01T00:00:00";"2029-01-01T00:00:00";"4"
"bamako";"2026-01-01T00:00:00";"2029-01-01T00:00:00";"0"
"bandung";"2026-01-01T00:00:00";"2029-01-01T00:00:00";"7"
"bangkok";"2026-01-01T00:00:00";"2029-01-01T00:00:00";"7"
"barcelona";"2026-01-01T00:00:00";"2026-03-29T01:00:00";"1"
"barcelona";"2026-03-29T01:00:00";"2026-10-25T01:00:00";"2"
"barcelona";"2026-10-25T01:00:00";"2027-03-28T01:00:00";"1"
"barcelona";"2027-03-28T01:00:00";"2027-10-31T01:00:00";"2"
"barcelona";"2027-10-31T01:00:00";"2028-03-26T01:00:00";"1"
"barcelona";"2028-03-26T01:00:00";"2028-10-29T01:00:00";"2"
"barcelona";"2028-10-29T01:00:00";"2029-01-01T00:00:00";"1"
"beijing";"2026-01-01T00:00:00";"2029-01-01T00:00:00";"8"
"beirut";"2026-01-01T00:00:00";"2026-03-28T22:00:00";"2"
"beirut";"2026-03-28T22:00:00";"2026-10-24T21:00:00";"3"
"beirut";"2026-10-24T21:00:00";"2027-03-27T22:00:00";"2"
"beirut";"2027-03-27T22:00:00";"2027-10-30T21:00:00";"3"
"beirut";"2027-10-30T21:00:00";"2028-03-25T22:00:00";"2"
"beirut";"2028-03-25T22:00:00";"2028-10-28T21:00:00";"3"
"beirut";"2028-10-28T21:00:00";"2029-01-01T00:00:00";"2"
"bekasi";"2026-01-01T00:00:00";"2029-01-01T00:00:00";"7"
"belgrade";"2026-01-01T00:00:00";"2026-03-29T01:00:00";"1"
"belgrade";"2026-03-29T01:00:00";"2026-10-25T01:00:00";"2"
"belgrade";"2026-10-25T01:00:00";"2027-03-28T01:00:00";"1"
"belgrade";"2027-03-28T01:00:00";"2027-10-31T01:00:00";"2"
"belgrade";"2027-10-31T01:00:00";"2028-03-26T01:00:00";"1"
"belgrade";"2028-03-26T01:00:00";"2028-10-29T01:00:00";"2"
"belgrade";"2028-10-29T01:00:00";"2029-01-01T00:00:00";"1"
"belem";"2026-01-01T00:00:00";"2029-01-01T00:00:00";"-3"
"berlin";"2026-01-01T00:00:00";"2026-03-29T01:00:00";"1"
"berlin";"2026-03-29T01:00:00";"2026-10-25T01:00:00";"2"
"berlin";"2026-10-25T01:00:00";"2027-03-28T01:00:00";"1"
"berlin";"2027-03-28T01:00:00";"2027-10-31T01:00:00";"2"
"berlin";"2027-10-31T01:00:00";"2028-03-26T01:00:00";"1"
"berlin";"2028-03-26T01:00:00";"2028-10-29T01:00:00";"2"
"berlin";"2028-10-29T01:00:00";"2029-01-01T00:00:00";"1"
"bern";"2026-01-01T00:00:00";"2026-03-29T01:00:00";"1"
"bern";"2026-03-29T01:00:00";"2026-10-25T01:00:00";"2"
"bern";"2026-10-25T01:00:00";"2027-03-28T01:00:00";"1"
"bern";"2027-03-28T01:00:00";"2027-10-31T01:00:00";"2"
"bern";"2027-10-31T01:00:00";"2028-03-26T01:00:00";"1"
"bern";"2028-03-26T01:00:00";"2028-10-29T01:00:00";"2"
"bern";"2028-10-29T01:00:00";"2029-01-01T00:00:00";"1"
"bien-hoa";"2026-01-01T00:00:00";"2029-01-01T00:00:00";"7"
"bogota";"2026-01-01T00:00:00";"2029-01-01T00:00:00";"-5"
"bologna";"2026-01-01T00:00:00";"2026-03-29T01:00:00";"1"
"bologna";"2026-03-29T01:00:00";"2026-10-25T01:00:00";"2"
"bologna";"2026-10-25T01:00:00";"2027-03-28T01:00:00";"1"
"bologna";"2027-03-28T01:00:00";"2027-10-31T01:00:00";"2"
"bologna";"2027-10-31T01:00:00";"2028-03-26T01:00:00";"1"
"bologna";"2028-03-26T01:00:00";"2028-10-29T01:00:00";"2"
"bologna";"2028-10-29T01:00:00";"2029-01-01T00:00:00";"1"
"brasilia";"2026-01-01T00:00:00";"2029-01-01T00:00:00";"-3"
"bratislava";"2026-01-01T00:00:00";"2026-03-29T01:00:00";"1"
"bratislava";"2026-03-29T01:00:00";"2026-10-25T01:00:00";"2"
"bratislava";"2026-10-25T01:00:00";"2027-03-28T01:00:00";"1"
"bratislava";"2027-03-28T01:00:00";"2027-10-31T01:00:00";"2"
"bratislava";"2027-10-31T01:00:00";"2028-03-26T01:00:00";"1"
"bratislava";"2028-03-26T01:00:00";"2028-10-29T01:00:00";"2"
"bratislava";"2028-10-29T01:00:00";"2029-01-01T00:00:00";"1"
"brazzaville";"2026-01-01T00:00:00";"2029-01-01T00:00:00";"1"
"brisbane";"2026-01-01T00:00:00";"2029-01-01T00:00:00";"10"
"brno";"2026-01-01T00:00:00";"2026-03-29T01:00:00";"1"
"brno";"2026-03-29T01:00:00";"2026-10-25T01:00:00";"2"
"brno";"2026-10-25T01:00:00";"2027-03-28T01:00:00";"1"
"brno";"2027-03-28T01:00:00";"2027-10-31T01:00:00";"2"
"brno";"2027-10-31T01:00:00";"2028-03-26T01:00:00";"1"
"brno";"2028-03-26T01:00:00";"2028-10-29T01:00:00";"2"
"brno";"2028-10-29T01:00:00";"2029-01-01T00:00:00";"1"
"bruges";"2026-01-01T00:00:00";"2026-03-29T01:00:00";"1"
"bruges";"2026-03-29T01:00:00";"2026-10-25T01:00:00";"2"
"bruges";"2026-10-25T01:00:00";"2027-03-28T01:00:00";"1"
"bruges";"2027-03-28T01:00:00";"2027-10-31T01:00:00";"2"
"bruges";"2027-10-31T01:00:00";"2028-03-26T01:00:00";"1"
"bruges";"2028-03-26T01:00:00";"2028-10-29T01:00:00";"2"
"bruges";"2028-10-29T01:00:00";"2029-01-01T00:00:00";"1"
"brussels";"2026-01-01T00:00:00";"2026-03-29T01:00:00";"1"
"brussels";"2026-03-29T01:00:00";"2026-10-25T01:00:00";"2"
"brussels";"2026-10-25T01:00:00";"2027-03-28T01:00:00";"1"
"brussels";"2027-03-28T01:00:00";"2027-10-31T01:00:00";"2"
"brussels";"2027-10-31T01:00:00";"2028-03-26T01:00:00";"1"
"brussels";"2028-03-26T01:00:00";"2028-10-29T01:00:00";"2"
"brussels";"2028-10-29T01:00:00";"2029-01-01T00:00:00";"1"
"bucharest";"2026-01-01T00:00:00";"2026-03-29T01:00:00";"2"
"bucharest";"2026-03-29T01:00:00";"2026-10-25T01:00:00";"3"
"bucharest";"2026-10-25T01:00:00";"2027-03-28T01:00:00";"2"
"bucharest";"2027-03-28T01:00:00";"2027-10-31T01:00:00";"3"
"bucharest";"2027-10-31T01:00:00";"2028-03-26T01:00:00";"2"
"bucharest";"2028-03-26T01:00:00";"2028-10-29T01:00:00";"3"
"bucharest";"2028-10-29T01:00:00";"2029-01-01T00:00:00";"2"
"budapest";"2026-01-01T00:00:00";"2026-03-29T01:00:00";"1"
"budapest";"2026-03-29T01:00:00";"2026-10-25T01:00:00";"2"
"budapest";"2026-10-25T01:00:00";"2027-03-28T01:00:00";"1"
"budapest";"2027-03-28T01:00:00";"2027-10-31T01:00:00";"2"
"budapest";"2027-10-31T01:00:00";"2028-03-26T01:00:00";"1"
"budapest";"2028-03-26T01:00:00";"2028-10-29T01:00:00";"2"
"budapest";"2028-10-29T01:00:00";"2029-01-01T00:00:00";"1"
"buenos-aires";"2026-01-01T00:00:00";"2029-01-01T00:00:00";"-3"
"cairo";"2026-01-01T00:00:00";"2026-04-23T22:00:00";"2"
"cairo";"2026-04-23T22:00:00";"2026-10-29T21:00:00";"3"
"cairo";"2026-10-29T21:00:00";"2027-04-29T22:00:00";"2"
"cairo";"2027-04-29T22:00:00";"2027-10-28T21:00:00";"3"
"cairo";"2027-10-28T21:00:00";"2028-04-27T22:00:00";"2"
"cairo";"2028-04-27T22:00:00";"2028-10-26T21:00:00";"3"
"cairo";"2028-10-26T21:00:00";"2029-01-01T00:00:00";"2"
"cali";"2026-01-01T00:00:00";"2029-01-01T00:00:00";"-5"
"canberra";"2026-01-01T00:00:00";"2026-04-04T16:00:00";"11"
"canberra";"2026-04-04T16:00:00";"2026-10-03T16:00:00";"10"
"canberra";"2026-10-03T16:00:00";"2027-04-03T16:00:00";"11"
"canberra";"2027-04-03T16:00:00";"2027-10-02T16:00:00";"10"
"canberra";"2027-10-02T16:00:00";"2028-04-01T16:00:00";"11"
"canberra";"2028-04-01T16:00:00";"2028-09-30T16:00:00";"10"
"canberra";"2028-09-30T16:00:00";"2029-01-01T00:00:00";"11"
"caracas";"2026-01-01T00:00:00";"2029-01-01T00:00:00";"-4"
"cartagena";"2026-01-01T00:00:00";"2029-01-01T00:00:00";"-5"
"chelyabinsk";"2026-01-01T00:00:00";"2029-01-01T00:00:00";"5"
"chicago";"2026-01-01T00:00:00";"2026-03-08T08:00:00";"-6"
"chicago";"2026-03-08T08:00:00";"2026-11-01T07:00:00";"-5"
"chicago";"2026-11-01T07:00:00";"2027-03-14T08:00:00";"-6"
"chicago";"2027-03-14T08:00:00";"2027-11-07T07:00:00";"-5"
"chicago";"2027-11-07T07:00:00";"2028-03-12T08:00:00";"-6"
"chicago";"2028-03-12T08:00:00";"2028-11-05T07:00:00";"-5"
"chicago";"2028-11-05T07:00:00";"2029-01-01T00:00:00";"-6"
"chisinau";"2026-01-01T00:00:00";"2026-03-29T00:00:00";"2"
"chisinau";"2026-03-29T00:00:00";"2026-10-25T00:00:00";"3"
"chisinau";"2026-10-25T00:00:00";"2027-03-28T00:00:00";"2"
"chisinau";"2027-03-28T00:00:00";"2027-10-31T00:00:00";"3"
"chisinau";"2027-10-31T00:00:00";"2028-03-26T00:00:00";"2"
"chisinau";"2028-03-26T00:00:00";"2028-10-29T00:00:00";"3"
"chisinau";"2028-10-29T00:00:00";"2029-01-01T00:00:00";"2"
"conakry";"2026-01-01T00:00:00";"2029-01-01T00:00:00";"0"
"copenhagen";"2026-01-01T00:00:00";"2026-03-29T01:00:00";"1"
"copenhagen";"2026-03-29T01:00:00";"2026-10-25T01:00:00";"2"
"copenhagen";"2026-10-25T01:00:00";"2027-03-28T01:00:00";"1"
"copenhagen";"2027-03-28T01:00:00";"2027-10-31T01:00:00";"2"
"copenhagen";"2027-10-31T01:00:00";"2028-03-26T01:00:00";"1"
"copenhagen";"2028-03-26T01:00:00";"2028-10-29T01:00:00";"2"
"copenhagen";"2028-10-29T01:00:00";"2029-01-01T00:00:00";"1"
"curitiba";"2026-01-01T00:00:00";"2029-01-01T00:00:00";"-3"
"cusco";"2026-01-01T00:00:00";"2029-01-01T00:00:00";"-5"
"cordoba-argentina";"2026-01-01T00:00:00";"2029-01-01T00:00:00";"-3"
"can-tho";"2026-01-01T00:00:00";"2029-01-01T00:00:00";"7"
"da-nang";"2026-01-01T00:00:00";"2029-01-01T00:00:00";"7"
"dakar";"2026-01-01T00:00:00";"2029-01-01T00:00:00";"0"
"dallas";"2026-01-01T00:00:00";"2026-03-08T08:00:00";"-6"
"dallas";"2026-03-08T08:00:00";"2026-11-01T07:00:00";"-5"
"dallas";"2026-11-01T07:00:00";"2027-03-14T08:00:00";"-6"
"dallas";"2027-03-14T08:00:00";"2027-11-07T07:00:00";"-5"
"dallas";"2027-11-07T07:00:00";"2028-03-12T08:00:00";"-6"
"dallas";"2028-03-12T08:00:00";"2028-11-05T07:00:00";"-5"
"dallas";"2028-11-05T07:00:00";"2029-01-01T00:00:00";"-6"
"damascus";"2026-01-01T00:00:00";"2029-01-01T00:00:00";"3"
"darwin";"2026-01-01T00:00:00";"2029-01-01T00:00:00";"9.5"
"denpasar";"2026-01-01T00:00:00";"2029-01-01T00:00:00";"8"
"depok";"2026-01-01T00:00:00";"2029-01-01T00:00:00";"7"
"dhaka";"2026-01-01T00:00:00";"2029-01-01T00:00:00";"6"
"domegge-di-cadore";"2026-01-01T00:00:00";"2026-03-29T01:00:00";"1"
"domegge-di-cadore";"2026-03-29T01:00:00";"2026-10-25T01:00:00";"2"
"domegge-di-cadore";"2026-10-25T01:00:00";"2027-03-28T01:00:00";"1"
"domegge-di-cadore";"2027-03-28T01:00:00";"2027-10-31T01:00:00";"2"
"domegge-di-cadore";"2027-10-31T01:00:00";"2028-03-26T01:00:00";"1"
"domegge-di-cadore";"2028-03-26T01:00:00";"2028-10-29T01:00:00";"2"
"domegge-di-cadore";"2028-10-29T01:00:00";"2029-01-01T00:00:00";"1"
"dublin";"2026-01-01T00:00:00";"2026-03-29T01:00:00";"0"
"dublin";"2026-03-29T01:00:00";"2026-10-25T01:00:00";"1"
"dublin";"2026-10-25T01:00:00";"2027-03-28T01:00:00";"0"
"dublin";"2027-03-28T01:00:00";"2027-10-31T01:00:00";"1"
"dublin";"2027-10-31T01:00:00";"2028-03-26T01:00:00";"0"
"dublin";"2028-03-26T01:00:00";"2028-10-29T01:00:00";"1"
"dublin";"2028-10-29T01:00:00";"2029-01-01T00:00:00";"0"
"edinburgh";"2026-01-01T00:00:00";"2026-03-29T01:00:00";"0"
"edinburgh";"2026-03-29T01:00:00";"2026-10-25T01:00:00";"1"
"edinburgh";"2026-10-25T01:00:00";"2027-03-28T01:00:00";"0"
"edinburgh";"2027-03-28T01:00:00";"2027-10-31T01:00:00";"1"
"edinburgh";"2027-10-31T01:00:00";"2028-03-26T01:00:00";"0"
"edinburgh";"2028-03-26T01:00:00";"2028-10-29T01:00:00";"1"
"edinburgh";"2028-10-29T01:00:00";"2029-01-01T00:00:00";"0"
"ferrara";"2026-01-01T00:00:00";"2026-03-29T01:00:00";"1"
"ferrara";"2026-03-29T01:00:00";"2026-10-25T01:00:00";"2"
"ferrara";"2026-10-25T01:00:00";"2027-03-28T01:00:00";"1"
"ferrara";"2027-03-28T01:00:00";"2027-10-31T01:00:00";"2"
"ferrara";"2027-10-31T01:00:00";"2028-03-26T01:00:00";"1"
"ferrara";"2028-03-26T01:00:00";"2028-10-29T01:00:00";"2"
"ferrara";"2028-10-29T01:00:00";"2029-01-01T00:00:00";"1"
"florence";"2026-01-01T00:00:00";"2026-03-29T01:00:00";"1"
"florence";"2026-03-29T01:00:00";"2026-10-25T01:00:00";"2"
"florence";"2026-10-25T01:00:00";"2027-03-28T01:00:00";"1"
"florence";"2027-03-28T01:00:00";"2027-10-31T01:00:00";"2"
"florence";"2027-10-31T01:00:00";"2028-03-26T01:00:00";"1"
"florence";"2028-03-26T01:00:00";"2028-10-29T01:00:00";"2"
"florence";"2028-10-29T01:00:00";"2029-01-01T00:00:00";"1"
"fortaleza";"2026-01-01T00:00:00";"2029-01-01T00:00:00";"-3"
"gold-coast";"2026-01-01T00:00:00";"2029-01-01T00:00:00";"10"
"guatemala-city";"2026-01-01T00:00:00";"2029-01-01T00:00:00";"-6"
"haiphong";"2026-01-01T00:00:00";"2029-01-01T00:00:00";"7"
"harare";"2026-01-01T00:00:00";"2029-01-01T00:00:00";"2"
"havana";"2026-01-01T00:00:00";"2026-03-08T05:00:00";"-5"
"havana";"2026-03-08T05:00:00";"2026-11-01T05:00:00";"-4"
"havana";"2026-11-01T05:00:00";"2027-03-14T05:00:00";"-5"
"havana";"2027-03-14T05:00:00";"2027-11-07T05:00:00";"-4"
"havana";"2027-11-07T05:00:00";"2028-03-12T05:00:00";"-5"
"havana";"2028-03-12T05:00:00";"2028-11-05T05:00:00";"-4"
"havana";"2028-11-05T05:00:00";"2029-01-01T00:00:00";"-5"
"helsinki";"2026-01-01T00:00:00";"2026-03-29T01:00:00";"2"
"helsinki";"2026-03-29T01:00:00";"2026-10-25T01:00:00";"3"
"helsinki";"2026-10-25T01:00:00";"2027-03-28T01:00:00";"2"
"helsinki";"2027-03-28T01:00:00";"2027-10-31T01:00:00";"3"
"helsinki";"2027-10-31T01:00:00";"2028-03-26T01:00:00";"2"
"helsinki";"2028-03-26T01:00:00";"2028-10-29T01:00:00";"3"
"helsinki";"2028-10-29T01:00:00";"2029-01-01T00:00:00";"2"
"ho-chi-minh-city";"2026-01-01T00:00:00";"2029-01-01T00:00:00";"7"
"hobart";"2026-01-01T00:00:00";"2026-04-04T16:00:00";"11"
"hobart";"2026-04-04T16:00:00";"2026-10-03T16:00:00";"10"
"hobart";"2026-10-03T16:00:00";"2027-04-03T16:00:00";"11"
"hobart";"2027-04-03T16:00:00";"2027-10-02T16:00:00";"10"
"hobart";"2027-10-02T16:00:00";"2028-04-01T16:00:00";"11"
"hobart";"2028-04-01T16:00:00";"2028-09-30T16:00:00";"10"
"hobart";"2028-09-30T16:00:00";"2029-01-01T00:00:00";"11"
"hong-kong";"2026-01-01T00:00:00";"2029-01-01T00:00:00";"8"
"houston";"2026-01-01T00:00:00";"2026-03-08T08:00:00";"-6"
"houston";"2026-03-08T08:00:00";"2026-11-01T07:00:00";"-5"
"houston";"2026-11-01T07:00:00";"2027-03-14T08:00:00";"-6"
"houston";"2027-03-14T08:00:00";"2027-11-07T07:00:00";"-5"
"houston";"2027-11-07T07:00:00";"2028-03-12T08:00:00";"-6"
"houston";"2028-03-12T08:00:00";"2028-11-05T07:00:00";"-5"
"houston";"2028-11-05T07:00:00";"2029-01-01T00:00:00";"-6"
"hue";"2026-01-01T00:00:00";"2029-01-01T00:00:00";"7"
"jakarta";"2026-01-01T00:00:00";"2029-01-01T00:00:00";"7"
"kabul";"2026-01-01T00:00:00";"2029-01-01T00:00:00";"4.5"
"kampala";"2026-01-01T00:00:00";"2029-01-01T00:00:00";"3"
"kathmandu";"2026-01-01T00:00:00";"2029-01-01T00:00:00";"5.75"
"kazan";"2026-01-01T00:00:00";"2029-01-01T00:00:00";"3"
"khartoum";"2026-01-01T00:00:00";"2029-01-01T00:00:00";"2"
"kigali";"2026-01-01T00:00:00";"2029-01-01T00:00:00";"2"
"kingston";"2026-01-01T00:00:00";"2029-01-01T00:00:00";"-5"
"kinshasa";"2026-01-01T00:00:00";"2029-01-01T00:00:00";"1"
"krakow";"2026-01-01T00:00:00";"2026-03-29T01:00:00";"1"
"krakow";"2026-03-29T01:00:00";"2026-10-25T01:00:00";"2"
"krakow";"2026-10-25T01:00:00";"2027-03-28T01:00:00";"1"
"krakow";"2027-03-28T01:00:00";"2027-10-31T01:00:00";"2"
"krakow";"2027-10-31T01:00:00";"2028-03-26T01:00:00";"1"
"krakow";"2028-03-26T01:00:00";"2028-10-29T01:00:00";"2"
"krakow";"2028-10-29T01:00:00";"2029-01-01T00:00:00";"1"
"krasnoyarsk";"2026-01-01T00:00:00";"2029-01-01T00:00:00";"7"
"kuala-lumpur";"2026-01-01T00:00:00";"2029-01-01T00:00:00";"8"
"kyiv";"2026-01-01T00:00:00";"2026-03-29T01:00:00";"2"
"kyiv";"2026-03-29T01:00:00";"2026-10-25T01:00:00";"3"
"kyiv";"2026-10-25T01:00:00";"2027-03-28T01:00:00";"2"
"kyiv";"2027-03-28T01:00:00";"2027-10-31T01:00:00";"3"
"kyiv";"2027-10-31T01:00:00";"2028-03-26T01:00:00";"2"
"kyiv";"2028-03-26T01:00:00";"2028-10-29T01:00:00";"3"
"kyiv";"2028-10-29T01:00:00";"2029-01-01T00:00:00";"2"
"la-paz";"2026-01-01T00:00:00";"2029-01-01T00:00:00";"-4"
"lilongwe";"2026-01-01T00:00:00";"2029-01-01T00:00:00";"2"
"lima";"2026-01-01T00:00:00";"2029-01-01T00:00:00";"-5"
"lisbon";"2026-01-01T00:00:00";"2026-03-29T01:00:00";"0"
"lisbon";"2026-03-29T01:00:00";"2026-10-25T01:00:00";"1"
"lisbon";"2026-10-25T01:00:00";"2027-03-28T01:00:00";"0"
"lisbon";"2027-03-28T01:00:00";"2027-10-31T01:00:00";"1"
"lisbon";"2027-10-31T01:00:00";"2028-03-26T01:00:00";"0"
"lisbon";"2028-03-26T01:00:00";"2028-10-29T01:00:00";"1"
"lisbon";"2028-10-29T01:00:00";"2029-01-01T00:00:00";"0"
"ljubljana";"2026-01-01T00:00:00";"2026-03-29T01:00:00";"1"
"ljubljana";"2026-03-29T01:00:00";"2026-10-25T01:00:00";"2"
"ljubljana";"2026-10-25T01:00:00";"2027-03-28T01:00:00";"1"
"ljubljana";"2027-03-28T01:00:00";"2027-10-31T01:00:00";"2"
"ljubljana";"2027-10-31T01:00:00";"2028-03-26T01:00:00";"1"
"ljubljana";"2028-03-26T01:00:00";"2028-10-29T01:00:00";"2"
"ljubljana";"2028-10-29T01:00:00";"2029-01-01T00:00:00";"1"
"lome";"2026-01-01T00:00:00";"2029-01-01T00:00:00";"0"
"luanda";"2026-01-01T00:00:00";"2029-01-01T00:00:00";"1"
"lusaka";"2026-01-01T00:00:00";"2029-01-01T00:00:00";"2"
"luxembourg";"2026-01-01T00:00:00";"2026-03-29T01:00:00";"1"
"luxembourg";"2026-03-29T01:00:00";"2026-10-25T01:00:00";"2"
"luxembourg";"2026-10-25T01:00:00";"2027-03-28T01:00:00";"1"
"luxembourg";"2027-03-28T01:00:00";"2027-10-31T01:00:00";"2"
"luxembourg";"2027-10-31T01:00:00";"2028-03-26T01:00:00";"1"
"luxembourg";"2028-03-26T01:00:00";"2028-10-29T01:00:00";"2"
"luxembourg";"2028-10-29T01:00:00";"2029-01-01T00:00:00";"1"
"lyon";"2026-01-01T00:00:00";"2026-03-29T01:00:00";"1"
"lyon";"2026-03-29T01:00:00";"2026-10-25T01:00:00";"2"
"lyon";"2026-10-25T01:00:00";"2027-03-28T01:00:00";"1"
"lyon";"2027-03-28T01:00:00";"2027-10-31T01:00:00";"2"
"lyon";"2027-10-31T01:00:00";"2028-03-26T01:00:00";"1"
"lyon";"2028-03-26T01:00:00";"2028-10-29T01:00:00";"2"
"lyon";"2028-10-29T01:00:00";"2029-01-01T00:00:00";"1"
"madrid";"2026-01-01T00:00:00";"2026-03-29T01:00:00";"1"
"madrid";"2026-03-29T01:00:00";"2026-10-25T01:00:00";"2"
"madrid";"2026-10-25T01:00:00";"2027-03-28T01:00:00";"1"
"madrid";"2027-03-28T01:00:00";"2027-10-31T01:00:00";"2"
"madrid";"2027-10-31T01:00:00";"2028-03-26T01:00:00";"1"
"madrid";"2028-03-26T01:00:00";"2028-10-29T01:00:00";"2"
"madrid";"2028-10-29T01:00:00";"2029-01-01T00:00:00";"1"
"managua";"2026-01-01T00:00:00";"2029-01-01T00:00:00";"-6"
"manaus";"2026-01-01T00:00:00";"2029-01-01T00:00:00";"-4"
"manila";"2026-01-01T00:00:00";"2029-01-01T00:00:00";"8"
"maputo";"2026-01-01T00:00:00";"2029-01-01T00:00:00";"2"
"medan";"2026-01-01T00:00:00";"2029-01-01T00:00:00";"7"
"medellin";"2026-01-01T00:00:00";"2029-01-01T00:00:00";"-5"
"melbourne";"2026-01-01T00:00:00";"2026-04-04T16:00:00";"11"
"melbourne";"2026-04-04T16:00:00";"2026-10-03T16:00:00";"10"
"melbourne";"2026-10-03T16:00:00";"2027-04-03T16:00:00";"11"
"melbourne";"2027-04-03T16:00:00";"2027-10-02T16:00:00";"10"
"melbourne";"2027-10-02T16:00:00";"2028-04-01T16:00:00";"11"
"melbourne";"2028-04-01T16:00:00";"2028-09-30T16:00:00";"10"
"melbourne";"2028-09-30T16:00:00";"2029-01-01T00:00:00";"11"
"mendoza";"2026-01-01T00:00:00";"2029-01-01T00:00:00";"-3"
"mexico-city";"2026-01-01T00:00:00";"2029-01-01T00:00:00";"-6"
"mogadishu";"2026-01-01T00:00:00";"2029-01-01T00:00:00";"3"
"monaco";"2026-01-01T00:00:00";"2026-03-29T01:00:00";"1"
"monaco";"2026-03-29T01:00:00";"2026-10-25T01:00:00";"2"
"monaco";"2026-10-25T01:00:00";"2027-03-28T01:00:00";"1"
"monaco";"2027-03-28T01:00:00";"2027-10-31T01:00:00";"2"
"monaco";"2027-10-31T01:00:00";"2028-03-26T01:00:00";"1"
"monaco";"2028-03-26T01:00:00";"2028-10-29T01:00:00";"2"
"monaco";"2028-10-29T01:00:00";"2029-01-01T00:00:00";"1"
"monrovia";"2026-01-01T00:00:00";"2029-01-01T00:00:00";"0"
"montevideo";"2026-01-01T00:00:00";"2029-01-01T00:00:00";"-3"
"moscow";"2026-01-01T00:00:00";"2029-01-01T00:00:00";"3"
"munich";"2026-01-01T00:00:00";"2026-03-29T01:00:00";"1"
"munich";"2026-03-29T01:00:00";"2026-10-25T01:00:00";"2"
"munich";"2026-10-25T01:00:00";"2027-03-28T01:00:00";"1"
"munich";"2027-03-28T01:00:00";"2027-10-31T01:00:00";"2"
"munich";"2027-10-31T01:00:00";"2028-03-26T01:00:00";"1"
"munich";"2028-03-26T01:00:00";"2028-10-29T01:00:00";"2"
"munich";"2028-10-29T01:00:00";"2029-01-01T00:00:00";"1"
"n-djamena";"2026-01-01T00:00:00";"2029-01-01T00:00:00";"1"
"nairobi";"2026-01-01T00:00:00";"2029-01-01T00:00:00";"3"
"nay-pyi-taw";"2026-01-01T00:00:00";"2029-01-01T00:00:00";"6.5"
"newcastle-australia";"2026-01-01T00:00:00";"2026-04-04T16:00:00";"11"
"newcastle-australia";"2026-04-04T16:00:00";"2026-10-03T16:00:00";"10"
"newcastle-australia";"2026-10-03T16:00:00";"2027-04-03T16:00:00";"11"
"newcastle-australia";"2027-04-03T16:00:00";"2027-10-02T16:00:00";"10"
"newcastle-australia";"2027-10-02T16:00:00";"2028-04-01T16:00:00";"11"
"newcastle-australia";"2028-04-01T16:00:00";"2028-09-30T16:00:00";"10"
"newcastle-australia";"2028-09-30T16:00:00";"2029-01-01T00:00:00";"11"
"niamey";"2026-01-01T00:00:00";"2029-01-01T00:00:00";"1"
"nizhny-novgorod";"2026-01-01T00:00:00";"2029-01-01T00:00:00";"3"
"nouakchott";"2026-01-01T00:00:00";"2029-01-01T00:00:00";"0"
"novosibirsk";"2026-01-01T00:00:00";"2029-01-01T00:00:00";"7"
"oslo";"2026-01-01T00:00:00";"2026-03-29T01:00:00";"1"
"oslo";"2026-03-29T01:00:00";"2026-10-25T01:00:00";"2"
"oslo";"2026-10-25T01:00:00";"2027-03-28T01:00:00";"1"
"oslo";"2027-03-28T01:00:00";"2027-10-31T01:00:00";"2"
"oslo";"2027-10-31T01:00:00";"2028-03-26T01:00:00";"1"
"oslo";"2028-03-26T01:00:00";"2028-10-29T01:00:00";"2"
"oslo";"2028-10-29T01:00:00";"2029-01-01T00:00:00";"1"
"ottawa";"2026-01-01T00:00:00";"2026-03-08T07:00:00";"-5"
"ottawa";"2026-03-08T07:00:00";"2026-11-01T06:00:00";"-4"
"ottawa";"2026-11-01T06:00:00";"2027-03-14T07:00:00";"-5"
"ottawa";"2027-03-14T07:00:00";"2027-11-07T06:00:00";"-4"
"ottawa";"2027-11-07T06:00:00";"2028-03-12T07:00:00";"-5"
"ottawa";"2028-03-12T07:00:00";"2028-11-05T06:00:00";"-4"
"ottawa";"2028-11-05T06:00:00";"2029-01-01T00:00:00";"-5"
"ouagadougou";"2026-01-01T00:00:00";"2029-01-01T00:00:00";"0"
"palembang";"2026-01-01T00:00:00";"2029-01-01T00:00:00";"7"
"paris";"2026-01-01T00:00:00";"2026-03-29T01:00:00";"1"
"paris";"2026-03-29T01:00:00";"2026-10-25T01:00:00";"2"
"paris";"2026-10-25T01:00:00";"2027-03-28T01:00:00";"1"
"paris";"2027-03-28T01:00:00";"2027-10-31T01:00:00";"2"
"paris";"2027-10-31T01:00:00";"2028-03-26T01:00:00";"1"
"paris";"2028-03-26T01:00:00";"2028-10-29T01:00:00";"2"
"paris";"2028-10-29T01:00:00";"2029-01-01T00:00:00";"1"
"perth";"2026-01-01T00:00:00";"2029-01-01T00:00:00";"8"
"philadelphia";"2026-01-01T00:00:00";"2026-03-08T07:00:00";"-5"
"philadelphia";"2026-03-08T07:00:00";"2026-11-01T06:00:00";"-4"
"philadelphia";"2026-11-01T06:00:00";"2027-03-14T07:00:00";"-5"
"philadelphia";"2027-03-14T07:00:00";"2027-11-07T06:00:00";"-4"
"philadelphia";"2027-11-07T06:00:00";"2028-03-12T07:00:00";"-5"
"philadelphia";"2028-03-12T07:00:00";"2028-11-05T06:00:00";"-4"
"philadelphia";"2028-11-05T06:00:00";"2029-01-01T00:00:00";"-5"
"phnom-penh";"2026-01-01T00:00:00";"2029-01-01T00:00:00";"7"
"phoenix";"2026-01-01T00:00:00";"2029-01-01T00:00:00";"-7"
"podgorica";"2026-01-01T00:00:00";"2026-03-29T01:00:00";"1"
"podgorica";"2026-03-29T01:00:00";"2026-10-25T01:00:00";"2"
"podgorica";"2026-10-25T01:00:00";"2027-03-28T01:00:00";"1"
"podgorica";"2027-03-28T01:00:00";"2027-10-31T01:00:00";"2"
"podgorica";"2027-10-31T01:00:00";"2028-03-26T01:00:00";"1"
"podgorica";"2028-03-26T01:00:00";"2028-10-29T01:00:00";"2"
"podgorica";"2028-10-29T01:00:00";"2029-01-01T00:00:00";"1"
"port-au-prince";"2026-01-01T00:00:00";"2026-03-08T07:00:00";"-5"
"port-au-prince";"2026-03-08T07:00:00";"2026-11-01T06:00:00";"-4"
"port-au-prince";"2026-11-01T06:00:00";"2027-03-14T07:00:00";"-5"
"port-au-prince";"2027-03-14T07:00:00";"2027-11-07T06:00:00";"-4"
"port-au-prince";"2027-11-07T06:00:00";"2028-03-12T07:00:00";"-5"
"port-au-prince";"2028-03-12T07:00:00";"2028-11-05T06:00:00";"-4"
"port-au-prince";"2028-11-05T06:00:00";"2029-01-01T00:00:00";"-5"
"porto";"2026-01-01T00:00:00";"2026-03-29T01:00:00";"0"
"porto";"2026-03-29T01:00:00";"2026-10-25T01:00:00";"1"
"porto";"2026-10-25T01:00:00";"2027-03-28T01:00:00";"0"
"porto";"2027-03-28T01:00:00";"2027-10-31T01:00:00";"1"
"porto";"2027-10-31T01:00:00";"2028-03-26T01:00:00";"0"
"porto";"2028-03-26T01:00:00";"2028-10-29T01:00:00";"1"
"porto";"2028-10-29T01:00:00";"2029-01-01T00:00:00";"0"
"porto-alegre";"2026-01-01T00:00:00";"2029-01-01T00:00:00";"-3"
"prague";"2026-01-01T00:00:00";"2026-03-29T01:00:00";"1"
"prague";"2026-03-29T01:00:00";"2026-10-25T01:00:00";"2"
"prague";"2026-10-25T01:00:00";"2027-03-28T01:00:00";"1"
"prague";"2027-03-28T01:00:00";"2027-10-31T01:00:00";"2"
"prague";"2027-10-31T01:00:00";"2028-03-26T01:00:00";"1"
"prague";"2028-03-26T01:00:00";"2028-10-29T01:00:00";"2"
"prague";"2028-10-29T01:00:00";"2029-01-01T00:00:00";"1"
"pretoria";"2026-01-01T00:00:00";"2029-01-01T00:00:00";"2"
"pyongyang";"2026-01-01T00:00:00";"2029-01-01T00:00:00";"9"
"quito";"2026-01-01T00:00:00";"2029-01-01T00:00:00";"-5"
"rabat";"2026-01-01T00:00:00";"2026-03-22T02:00:00";"0"
"rabat";"2026-03-22T02:00:00";"2026-09-20T01:00:00";"1"
"rabat";"2026-09-20T01:00:00";"2029-01-01T00:00:00";"0"
"recife";"2026-01-01T00:00:00";"2029-01-01T00:00:00";"-3"
"reykjavik";"2026-01-01T00:00:00";"2029-01-01T00:00:00";"0"
"riga";"2026-01-01T00:00:00";"2026-03-29T01:00:00";"2"
"riga";"2026-03-29T01:00:00";"2026-10-25T01:00:00";"3"
"riga";"2026-10-25T01:00:00";"2027-03-28T01:00:00";"2"
"riga";"2027-03-28T01:00:00";"2027-10-31T01:00:00";"3"
"riga";"2027-10-31T01:00:00";"2028-03-26T01:00:00";"2"
"riga";"2028-03-26T01:00:00";"2028-10-29T01:00:00";"3"
"riga";"2028-10-29T01:00:00";"2029-01-01T00:00:00";"2"
"rio-de-janeiro";"2026-01-01T00:00:00";"2029-01-01T00:00:00";"-3"
"riyadh";"2026-01-01T00:00:00";"2029-01-01T00:00:00";"3"
"rosario";"2026-01-01T00:00:00";"2029-01-01T00:00:00";"-3"
"saint-petersburg";"2026-01-01T00:00:00";"2029-01-01T00:00:00";"3"
"salvador";"2026-01-01T00:00:00";"2029-01-01T00:00:00";"-3"
"samara";"2026-01-01T00:00:00";"2029-01-01T00:00:00";"4"
"san-antonio";"2026-01-01T00:00:00";"2026-03-08T08:00:00";"-6"
"san-antonio";"2026-03-08T08:00:00";"2026-11-01T07:00:00";"-5"
"san-antonio";"2026-11-01T07:00:00";"2027-03-14T08:00:00";"-6"
"san-antonio";"2027-03-14T08:00:00";"2027-11-07T07:00:00";"-5"
"san-antonio";"2027-11-07T07:00:00";"2028-03-12T08:00:00";"-6"
"san-antonio";"2028-03-12T08:00:00";"2028-11-05T07:00:00";"-5"
"san-antonio";"2028-11-05T07:00:00";"2029-01-01T00:00:00";"-6"
"san-diego";"2026-01-01T00:00:00";"2026-03-08T10:00:00";"-8"
"san-diego";"2026-03-08T10:00:00";"2026-11-01T09:00:00";"-7"
"san-diego";"2026-11-01T09:00:00";"2027-03-14T10:00:00";"-8"
"san-diego";"2027-03-14T10:00:00";"2027-11-07T09:00:00";"-7"
"san-diego";"2027-11-07T09:00:00";"2028-03-12T10:00:00";"-8"
"san-diego";"2028-03-12T10:00:00";"2028-11-05T09:00:00";"-7"
"san-diego";"2028-11-05T09:00:00";"2029-01-01T00:00:00";"-8"
"san-jose";"2026-01-01T00:00:00";"2026-03-08T10:00:00";"-8"
"san-jose";"2026-03-08T10:00:00";"2026-11-01T09:00:00";"-7"
"san-jose";"2026-11-01T09:00:00";"2027-03-14T10:00:00";"-8"
"san-jose";"2027-03-14T10:00:00";"2027-11-07T09:00:00";"-7"
"san-jose";"2027-11-07T09:00:00";"2028-03-12T10:00:00";"-8"
"san-jose";"2028-03-12T10:00:00";"2028-11-05T09:00:00";"-7"
"san-jose";"2028-11-05T09:00:00";"2029-01-01T00:00:00";"-8"
"san-marino";"2026-01-01T00:00:00";"2026-03-29T01:00:00";"1"
"san-marino";"2026-03-29T01:00:00";"2026-10-25T01:00:00";"2"
"san-marino";"2026-10-25T01:00:00";"2027-03-28T01:00:00";"1"
"san-marino";"2027-03-28T01:00:00";"2027-10-31T01:00:00";"2"
"san-marino";"2027-10-31T01:00:00";"2028-03-26T01:00:00";"1"
"san-marino";"2028-03-26T01:00:00";"2028-10-29T01:00:00";"2"
"san-marino";"2028-10-29T01:00:00";"2029-01-01T00:00:00";"1"
"sanaa";"2026-01-01T00:00:00";"2029-01-01T00:00:00";"3"
"santiago";"2026-01-01T00:00:00";"2026-04-05T03:00:00";"-3"
"santiago";"2026-04-05T03:00:00";"2026-09-06T04:00:00";"-4"
"santiago";"2026-09-06T04:00:00";"2027-04-04T03:00:00";"-3"
"santiago";"2027-04-04T03:00:00";"2027-09-05T04:00:00";"-4"
"santiago";"2027-09-05T04:00:00";"2028-04-02T03:00:00";"-3"
"santiago";"2028-04-02T03:00:00";"2028-09-03T04:00:00";"-4"
"santiago";"2028-09-03T04:00:00";"2029-01-01T00:00:00";"-3"
"santo-domingo";"2026-01-01T00:00:00";"2029-01-01T00:00:00";"-4"
"sarajevo";"2026-01-01T00:00:00";"2026-03-29T01:00:00";"1"
"sarajevo";"2026-03-29T01:00:00";"2026-10-25T01:00:00";"2"
"sarajevo";"2026-10-25T01:00:00";"2027-03-28T01:00:00";"1"
"sarajevo";"2027-03-28T01:00:00";"2027-10-31T01:00:00";"2"
"sarajevo";"2027-10-31T01:00:00";"2028-03-26T01:00:00";"1"
"sarajevo";"2028-03-26T01:00:00";"2028-10-29T01:00:00";"2"
"sarajevo";"2028-10-29T01:00:00";"2029-01-01T00:00:00";"1"
"semarang";"2026-01-01T00:00:00";"2029-01-01T00:00:00";"7"
"seoul";"2026-01-01T00:00:00";"2029-01-01T00:00:00";"9"
"seville";"2026-01-01T00:00:00";"2026-03-29T01:00:00";"1"
"seville";"2026-03-29T01:00:00";"2026-10-25T01:00:00";"2"
"seville";"2026-10-25T01:00:00";"2027-03-28T01:00:00";"1"
"seville";"2027-03-28T01:00:00";"2027-10-31T01:00:00";"2"
"seville";"2027-10-31T01:00:00";"2028-03-26T01:00:00";"1"
"seville";"2028-03-26T01:00:00";"2028-10-29T01:00:00";"2"
"seville";"2028-10-29T01:00:00";"2029-01-01T00:00:00";"1"
"singapore";"2026-01-01T00:00:00";"2029-01-01T00:00:00";"8"
"skopje";"2026-01-01T00:00:00";"2026-03-29T01:00:00";"1"
"skopje";"2026-03-29T01:00:00";"2026-10-25T01:00:00";"2"
"skopje";"2026-10-25T01:00:00";"2027-03-28T01:00:00";"1"
"skopje";"2027-03-28T01:00:00";"2027-10-31T01:00:00";"2"
"skopje";"2027-10-31T01:00:00";"2028-03-26T01:00:00";"1"
"skopje";"2028-03-26T01:00:00";"2028-10-29T01:00:00";"2"
"skopje";"2028-10-29T01:00:00";"2029-01-01T00:00:00";"1"
"sofia";"2026-01-01T00:00:00";"2026-03-29T01:00:00";"2"
"sofia";"2026-03-29T01:00:00";"2026-10-25T01:00:00";"3"
"sofia";"2026-10-25T01:00:00";"2027-03-28T01:00:00";"2"
"sofia";"2027-03-28T01:00:00";"2027-10-31T01:00:00";"3"
"sofia";"2027-10-31T01:00:00";"2028-03-26T01:00:00";"2"
"sofia";"2028-03-26T01:00:00";"2028-10-29T01:00:00";"3"
"sofia";"2028-10-29T01:00:00";"2029-01-01T00:00:00";"2"
"stockholm";"2026-01-01T00:00:00";"2026-03-29T01:00:00";"1"
"stockholm";"2026-03-29T01:00:00";"2026-10-25T01:00:00";"2"
"stockholm";"2026-10-25T01:00:00";"2027-03-28T01:00:00";"1"
"stockholm";"2027-03-28T01:00:00";"2027-10-31T01:00:00";"2"
"stockholm";"2027-10-31T01:00:00";"2028-03-26T01:00:00";"1"
"stockholm";"2028-03-26T01:00:00";"2028-10-29T01:00:00";"2"
"stockholm";"2028-10-29T01:00:00";"2029-01-01T00:00:00";"1"
"sucre";"2026-01-01T00:00:00";"2029-01-01T00:00:00";"-4"
"surabaya";"2026-01-01T00:00:00";"2029-01-01T00:00:00";"7"
"sydney";"2026-01-01T00:00:00";"2026-04-04T16:00:00";"11"
"sydney";"2026-04-04T16:00:00";"2026-10-03T16:00:00";"10"
"sydney";"2026-10-03T16:00:00";"2027-04-03T16:00:00";"11"
"sydney";"2027-04-03T16:00:00";"2027-10-02T16:00:00";"10"
"sydney";"2027-10-02T16:00:00";"2028-04-01T16:00:00";"11"
"sydney";"2028-04-01T16:00:00";"2028-09-30T16:00:00";"10"
"sydney";"2028-09-30T16:00:00";"2029-01-01T00:00:00";"11"
"sao-paulo";"2026-01-01T00:00:00";"2029-01-01T00:00:00";"-3"
"taipei";"2026-01-01T00:00:00";"2029-01-01T00:00:00";"8"
"tallinn";"2026-01-01T00:00:00";"2026-03-29T01:00:00";"2"
"tallinn";"2026-03-29T01:00:00";"2026-10-25T01:00:00";"3"
"tallinn";"2026-10-25T01:00:00";"2027-03-28T01:00:00";"2"
"tallinn";"2027-03-28T01:00:00";"2027-10-31T01:00:00";"3"
"tallinn";"2027-10-31T01:00:00";"2028-03-26T01:00:00";"2"
"tallinn";"2028-03-26T01:00:00";"2028-10-29T01:00:00";"3"
"tallinn";"2028-10-29T01:00:00";"2029-01-01T00:00:00";"2"
"tangerang";"2026-01-01T00:00:00";"2029-01-01T00:00:00";"7"
"tashkent";"2026-01-01T00:00:00";"2029-01-01T00:00:00";"5"
"tbilisi";"2026-01-01T00:00:00";"2029-01-01T00:00:00";"4"
"tehran";"2026-01-01T00:00:00";"2029-01-01T00:00:00";"3.5"
"thanh-hoa";"2026-01-01T00:00:00";"2029-01-01T00:00:00";"7"
"thuan-an";"2026-01-01T00:00:00";"2029-01-01T00:00:00";"7"
"tirana";"2026-01-01T00:00:00";"2026-03-29T01:00:00";"1"
"tirana";"2026-03-29T01:00:00";"2026-10-25T01:00:00";"2"
"tirana";"2026-10-25T01:00:00";"2027-03-28T01:00:00";"1"
"tirana";"2027-03-28T01:00:00";"2027-10-31T01:00:00";"2"
"tirana";"2027-10-31T01:00:00";"2028-03-26T01:00:00";"1"
"tirana";"2028-03-26T01:00:00";"2028-10-29T01:00:00";"2"
"tirana";"2028-10-29T01:00:00";"2029-01-01T00:00:00";"1"
"tokyo";"2026-01-01T00:00:00";"2029-01-01T00:00:00";"9"
"toronto";"2026-01-01T00:00:00";"2026-03-08T07:00:00";"-5"
"toronto";"2026-03-08T07:00:00";"2026-11-01T06:00:00";"-4"
"toronto";"2026-11-01T06:00:00";"2027-03-14T07:00:00";"-5"
"toronto";"2027-03-14T07:00:00";"2027-11-07T06:00:00";"-4"
"toronto";"2027-11-07T06:00:00";"2028-03-12T07:00:00";"-5"
"toronto";"2028-03-12T07:00:00";"2028-11-05T06:00:00";"-4"
"toronto";"2028-11-05T06:00:00";"2029-01-01T00:00:00";"-5"
"tripoli";"2026-01-01T00:00:00";"2029-01-01T00:00:00";"2"
"ufa";"2026-01-01T00:00:00";"2029-01-01T00:00:00";"5"
"vaduz";"2026-01-01T00:00:00";"2026-03-29T01:00:00";"1"
"vaduz";"2026-03-29T01:00:00";"2026-10-25T01:00:00";"2"
"vaduz";"2026-10-25T01:00:00";"2027-03-28T01:00:00";"1"
"vaduz";"2027-03-28T01:00:00";"2027-10-31T01:00:00";"2"
"vaduz";"2027-10-31T01:00:00";"2028-03-26T01:00:00";"1"
"vaduz";"2028-03-26T01:00:00";"2028-10-29T01:00:00";"2"
"vaduz";"2028-10-29T01:00:00";"2029-01-01T00:00:00";"1"
"valletta";"2026-01-01T00:00:00";"2026-03-29T01:00:00";"1"
"valletta";"2026-03-29T01:00:00";"2026-10-25T01:00:00";"2"
"valletta";"2026-10-25T01:00:00";"2027-03-28T01:00:00";"1"
"valletta";"2027-03-28T01:00:00";"2027-10-31T01:00:00";"2"
"valletta";"2027-10-31T01:00:00";"2028-03-26T01:00:00";"1"
"valletta";"2028-03-26T01:00:00";"2028-10-29T01:00:00";"2"
"valletta";"2028-10-29T01:00:00";"2029-01-01T00:00:00";"1"
"valparaiso";"2026-01-01T00:00:00";"2026-04-05T03:00:00";"-3"
"valparaiso";"2026-04-05T03:00:00";"2026-09-06T04:00:00";"-4"
"valparaiso";"2026-09-06T04:00:00";"2027-04-04T03:00:00";"-3"
"valparaiso";"2027-04-04T03:00:00";"2027-09-05T04:00:00";"-4"
"valparaiso";"2027-09-05T04:00:00";"2028-04-02T03:00:00";"-3"
"valparaiso";"2028-04-02T03:00:00";"2028-09-03T04:00:00";"-4"
"valparaiso";"2028-09-03T04:00:00";"2029-01-01T00:00:00";"-3"
"vatican-city";"2026-01-01T00:00:00";"2026-03-29T01:00:00";"1"
"vatican-city";"2026-03-29T01:00:00";"2026-10-25T01:00:00";"2"
"vatican-city";"2026-10-25T01:00:00";"2027-03-28T01:00:00";"1"
"vatican-city";"2027-03-28T01:00:00";"2027-10-31T01:00:00";"2"
"vatican-city";"2027-10-31T01:00:00";"2028-03-26T01:00:00";"1"
"vatican-city";"2028-03-26T01:00:00";"2028-10-29T01:00:00";"2"
"vatican-city";"2028-10-29T01:00:00";"2029-01-01T00:00:00";"1"
"vienna";"2026-01-01T00:00:00";"2026-03-29T01:00:00";"1"
"vienna";"2026-03-29T01:00:00";"2026-10-25T01:00:00";"2"
"vienna";"2026-10-25T01:00:00";"2027-03-28T01:00:00";"1"
"vienna";"2027-03-28T01:00:00";"2027-10-31T01:00:00";"2"
"vienna";"2027-10-31T01:00:00";"2028-03-26T01:00:00";"1"
"vienna";"2028-03-26T01:00:00";"2028-10-29T01:00:00";"2"
"vienna";"2028-10-29T01:00:00";"2029-01-01T00:00:00";"1"
"vilnius";"2026-01-01T00:00:00";"2026-03-29T01:00:00";"2"
"vilnius";"2026-03-29T01:00:00";"2026-10-25T01:00:00";"3"
"vilnius";"2026-10-25T01:00:00";"2027-03-28T01:00:00";"2"
"vilnius";"2027-03-28T01:00:00";"2027-10-31T01:00:00";"3"
"vilnius";"2027-10-31T01:00:00";"2028-03-26T01:00:00";"2"
"vilnius";"2028-03-26T01:00:00";"2028-10-29T01:00:00";"3"
"vilnius";"2028-10-29T01:00:00";"2029-01-01T00:00:00";"2"
"vinh";"2026-01-01T00:00:00";"2029-01-01T00:00:00";"7"
"warsaw";"2026-01-01T00:00:00";"2026-03-29T01:00:00";"1"
"warsaw";"2026-03-29T01:00:00";"2026-10-25T01:00:00";"2"
"warsaw";"2026-10-25T01:00:00";"2027-03-28T01:00:00";"1"
"warsaw";"2027-03-28T01:00:00";"2027-10-31T01:00:00";"2"
"warsaw";"2027-10-31T01:00:00";"2028-03-26T01:00:00";"1"
"warsaw";"2028-03-26T01:00:00";"2028-10-29T01:00:00";"2"
"warsaw";"2028-10-29T01:00:00";"2029-01-01T00:00:00";"1"
"yaounde";"2026-01-01T00:00:00";"2029-01-01T00:00:00";"1"
"yekaterinburg";"2026-01-01T00:00:00";"2029-01-01T00:00:00";"5"
"yerevan";"2026-01-01T00:00:00";"2029-01-01T00:00:00";"4"
"zagreb";"2026-01-01T00:00:00";"2026-03-29T01:00:00";"1"
"zagreb";"2026-03-29T01:00:00";"2026-10-25T01:00:00";"2"
"zagreb";"2026-10-25T01:00:00";"2027-03-28T01:00:00";"1"
"zagreb";"2027-03-28T01:00:00";"2027-10-31T01:00:00";"2"
"zagreb";"2027-10-31T01:00:00";"2028-03-26T01:00:00";"1"
"zagreb";"2028-03-26T01:00:00";"2028-10-29T01:00:00";"2"
"zagreb";"2028-10-29T01:00:00";"2029-01-01T00:00:00";"1"
