Utc;Phase;Between;Source
"2025-01-06T23:56:00";"Primo quarto";"Gibbosa crescente";"https://aa.usno.navy.mil/api/moon/phases/year?year=2025"
"2025-01-13T22:27:00";"Luna piena";"Gibbosa calante";"https://aa.usno.navy.mil/api/moon/phases/year?year=2025"
"2025-01-21T20:31:00";"Ultimo quarto";"Falce calante";"https://aa.usno.navy.mil/api/moon/phases/year?year=2025"
"2025-01-29T12:36:00";"Luna nuova";"Falce crescente";"https://aa.usno.navy.mil/api/moon/phases/year?year=2025"
"2025-02-05T08:02:00";"Primo quarto";"Gibbosa crescente";"https://aa.usno.navy.mil/api/moon/phases/year?year=2025"
"2025-02-12T13:53:00";"Luna piena";"Gibbosa calante";"https://aa.usno.navy.mil/api/moon/phases/year?year=2025"
"2025-02-20T17:32:00";"Ultimo quarto";"Falce calante";"https://aa.usno.navy.mil/api/moon/phases/year?year=2025"
"2025-02-28T00:45:00";"Luna nuova";"Falce crescente";"https://aa.usno.navy.mil/api/moon/phases/year?year=2025"
"2025-03-06T16:31:00";"Primo quarto";"Gibbosa crescente";"https://aa.usno.navy.mil/api/moon/phases/year?year=2025"
"2025-03-14T06:55:00";"Luna piena";"Gibbosa calante";"https://aa.usno.navy.mil/api/moon/phases/year?year=2025"
"2025-03-22T11:29:00";"Ultimo quarto";"Falce calante";"https://aa.usno.navy.mil/api/moon/phases/year?year=2025"
"2025-03-29T10:58:00";"Luna nuova";"Falce crescente";"https://aa.usno.navy.mil/api/moon/phases/year?year=2025"
"2025-04-05T02:15:00";"Primo quarto";"Gibbosa crescente";"https://aa.usno.navy.mil/api/moon/phases/year?year=2025"
"2025-04-13T00:22:00";"Luna piena";"Gibbosa calante";"https://aa.usno.navy.mil/api/moon/phases/year?year=2025"
"2025-04-21T01:35:00";"Ultimo quarto";"Falce calante";"https://aa.usno.navy.mil/api/moon/phases/year?year=2025"
"2025-04-27T19:31:00";"Luna nuova";"Falce crescente";"https://aa.usno.navy.mil/api/moon/phases/year?year=2025"
"2025-05-04T13:52:00";"Primo quarto";"Gibbosa crescente";"https://aa.usno.navy.mil/api/moon/phases/year?year=2025"
"2025-05-12T16:56:00";"Luna piena";"Gibbosa calante";"https://aa.usno.navy.mil/api/moon/phases/year?year=2025"
"2025-05-20T11:59:00";"Ultimo quarto";"Falce calante";"https://aa.usno.navy.mil/api/moon/phases/year?year=2025"
"2025-05-27T03:02:00";"Luna nuova";"Falce crescente";"https://aa.usno.navy.mil/api/moon/phases/year?year=2025"
"2025-06-03T03:41:00";"Primo quarto";"Gibbosa crescente";"https://aa.usno.navy.mil/api/moon/phases/year?year=2025"
"2025-06-11T07:44:00";"Luna piena";"Gibbosa calante";"https://aa.usno.navy.mil/api/moon/phases/year?year=2025"
"2025-06-18T19:19:00";"Ultimo quarto";"Falce calante";"https://aa.usno.navy.mil/api/moon/phases/year?year=2025"
"2025-06-25T10:31:00";"Luna nuova";"Falce crescente";"https://aa.usno.navy.mil/api/moon/phases/year?year=2025"
"2025-07-02T19:30:00";"Primo quarto";"Gibbosa crescente";"https://aa.usno.navy.mil/api/moon/phases/year?year=2025"
"2025-07-10T20:37:00";"Luna piena";"Gibbosa calante";"https://aa.usno.navy.mil/api/moon/phases/year?year=2025"
"2025-07-18T00:38:00";"Ultimo quarto";"Falce calante";"https://aa.usno.navy.mil/api/moon/phases/year?year=2025"
"2025-07-24T19:11:00";"Luna nuova";"Falce crescente";"https://aa.usno.navy.mil/api/moon/phases/year?year=2025"
"2025-08-01T12:41:00";"Primo quarto";"Gibbosa crescente";"https://aa.usno.navy.mil/api/moon/phases/year?year=2025"
"2025-08-09T07:55:00";"Luna piena";"Gibbosa calante";"https://aa.usno.navy.mil/api/moon/phases/year?year=2025"
"2025-08-16T05:12:00";"Ultimo quarto";"Falce calante";"https://aa.usno.navy.mil/api/moon/phases/year?year=2025"
"2025-08-23T06:06:00";"Luna nuova";"Falce crescente";"https://aa.usno.navy.mil/api/moon/phases/year?year=2025"
"2025-08-31T06:25:00";"Primo quarto";"Gibbosa crescente";"https://aa.usno.navy.mil/api/moon/phases/year?year=2025"
"2025-09-07T18:09:00";"Luna piena";"Gibbosa calante";"https://aa.usno.navy.mil/api/moon/phases/year?year=2025"
"2025-09-14T10:33:00";"Ultimo quarto";"Falce calante";"https://aa.usno.navy.mil/api/moon/phases/year?year=2025"
"2025-09-21T19:54:00";"Luna nuova";"Falce crescente";"https://aa.usno.navy.mil/api/moon/phases/year?year=2025"
"2025-09-29T23:54:00";"Primo quarto";"Gibbosa crescente";"https://aa.usno.navy.mil/api/moon/phases/year?year=2025"
"2025-10-07T03:47:00";"Luna piena";"Gibbosa calante";"https://aa.usno.navy.mil/api/moon/phases/year?year=2025"
"2025-10-13T18:13:00";"Ultimo quarto";"Falce calante";"https://aa.usno.navy.mil/api/moon/phases/year?year=2025"
"2025-10-21T12:25:00";"Luna nuova";"Falce crescente";"https://aa.usno.navy.mil/api/moon/phases/year?year=2025"
"2025-10-29T16:21:00";"Primo quarto";"Gibbosa crescente";"https://aa.usno.navy.mil/api/moon/phases/year?year=2025"
"2025-11-05T13:19:00";"Luna piena";"Gibbosa calante";"https://aa.usno.navy.mil/api/moon/phases/year?year=2025"
"2025-11-12T05:28:00";"Ultimo quarto";"Falce calante";"https://aa.usno.navy.mil/api/moon/phases/year?year=2025"
"2025-11-20T06:47:00";"Luna nuova";"Falce crescente";"https://aa.usno.navy.mil/api/moon/phases/year?year=2025"
"2025-11-28T06:59:00";"Primo quarto";"Gibbosa crescente";"https://aa.usno.navy.mil/api/moon/phases/year?year=2025"
"2025-12-04T23:14:00";"Luna piena";"Gibbosa calante";"https://aa.usno.navy.mil/api/moon/phases/year?year=2025"
"2025-12-11T20:52:00";"Ultimo quarto";"Falce calante";"https://aa.usno.navy.mil/api/moon/phases/year?year=2025"
"2025-12-20T01:43:00";"Luna nuova";"Falce crescente";"https://aa.usno.navy.mil/api/moon/phases/year?year=2025"
"2025-12-27T19:10:00";"Primo quarto";"Gibbosa crescente";"https://aa.usno.navy.mil/api/moon/phases/year?year=2025"
"2026-01-03T10:03:00";"Luna piena";"Gibbosa calante";"https://aa.usno.navy.mil/api/moon/phases/year?year=2026"
"2026-01-10T15:48:00";"Ultimo quarto";"Falce calante";"https://aa.usno.navy.mil/api/moon/phases/year?year=2026"
"2026-01-18T19:52:00";"Luna nuova";"Falce crescente";"https://aa.usno.navy.mil/api/moon/phases/year?year=2026"
"2026-01-26T04:47:00";"Primo quarto";"Gibbosa crescente";"https://aa.usno.navy.mil/api/moon/phases/year?year=2026"
"2026-02-01T22:09:00";"Luna piena";"Gibbosa calante";"https://aa.usno.navy.mil/api/moon/phases/year?year=2026"
"2026-02-09T12:43:00";"Ultimo quarto";"Falce calante";"https://aa.usno.navy.mil/api/moon/phases/year?year=2026"
"2026-02-17T12:01:00";"Luna nuova";"Falce crescente";"https://aa.usno.navy.mil/api/moon/phases/year?year=2026"
"2026-02-24T12:27:00";"Primo quarto";"Gibbosa crescente";"https://aa.usno.navy.mil/api/moon/phases/year?year=2026"
"2026-03-03T11:38:00";"Luna piena";"Gibbosa calante";"https://aa.usno.navy.mil/api/moon/phases/year?year=2026"
"2026-03-11T09:38:00";"Ultimo quarto";"Falce calante";"https://aa.usno.navy.mil/api/moon/phases/year?year=2026"
"2026-03-19T01:23:00";"Luna nuova";"Falce crescente";"https://aa.usno.navy.mil/api/moon/phases/year?year=2026"
"2026-03-25T19:18:00";"Primo quarto";"Gibbosa crescente";"https://aa.usno.navy.mil/api/moon/phases/year?year=2026"
"2026-04-02T02:12:00";"Luna piena";"Gibbosa calante";"https://aa.usno.navy.mil/api/moon/phases/year?year=2026"
"2026-04-10T04:51:00";"Ultimo quarto";"Falce calante";"https://aa.usno.navy.mil/api/moon/phases/year?year=2026"
"2026-04-17T11:52:00";"Luna nuova";"Falce crescente";"https://aa.usno.navy.mil/api/moon/phases/year?year=2026"
"2026-04-24T02:32:00";"Primo quarto";"Gibbosa crescente";"https://aa.usno.navy.mil/api/moon/phases/year?year=2026"
"2026-05-01T17:23:00";"Luna piena";"Gibbosa calante";"https://aa.usno.navy.mil/api/moon/phases/year?year=2026"
"2026-05-09T21:10:00";"Ultimo quarto";"Falce calante";"https://aa.usno.navy.mil/api/moon/phases/year?year=2026"
"2026-05-16T20:01:00";"Luna nuova";"Falce crescente";"https://aa.usno.navy.mil/api/moon/phases/year?year=2026"
"2026-05-23T11:11:00";"Primo quarto";"Gibbosa crescente";"https://aa.usno.navy.mil/api/moon/phases/year?year=2026"
"2026-05-31T08:45:00";"Luna piena";"Gibbosa calante";"https://aa.usno.navy.mil/api/moon/phases/year?year=2026"
"2026-06-08T10:00:00";"Ultimo quarto";"Falce calante";"https://aa.usno.navy.mil/api/moon/phases/year?year=2026"
"2026-06-15T02:54:00";"Luna nuova";"Falce crescente";"https://aa.usno.navy.mil/api/moon/phases/year?year=2026"
"2026-06-21T21:55:00";"Primo quarto";"Gibbosa crescente";"https://aa.usno.navy.mil/api/moon/phases/year?year=2026"
"2026-06-29T23:56:00";"Luna piena";"Gibbosa calante";"https://aa.usno.navy.mil/api/moon/phases/year?year=2026"
"2026-07-07T19:29:00";"Ultimo quarto";"Falce calante";"https://aa.usno.navy.mil/api/moon/phases/year?year=2026"
"2026-07-14T09:43:00";"Luna nuova";"Falce crescente";"https://aa.usno.navy.mil/api/moon/phases/year?year=2026"
"2026-07-21T11:05:00";"Primo quarto";"Gibbosa crescente";"https://aa.usno.navy.mil/api/moon/phases/year?year=2026"
"2026-07-29T14:36:00";"Luna piena";"Gibbosa calante";"https://aa.usno.navy.mil/api/moon/phases/year?year=2026"
"2026-08-06T02:21:00";"Ultimo quarto";"Falce calante";"https://aa.usno.navy.mil/api/moon/phases/year?year=2026"
"2026-08-12T17:37:00";"Luna nuova";"Falce crescente";"https://aa.usno.navy.mil/api/moon/phases/year?year=2026"
"2026-08-20T02:46:00";"Primo quarto";"Gibbosa crescente";"https://aa.usno.navy.mil/api/moon/phases/year?year=2026"
"2026-08-28T04:18:00";"Luna piena";"Gibbosa calante";"https://aa.usno.navy.mil/api/moon/phases/year?year=2026"
"2026-09-04T07:51:00";"Ultimo quarto";"Falce calante";"https://aa.usno.navy.mil/api/moon/phases/year?year=2026"
"2026-09-11T03:27:00";"Luna nuova";"Falce crescente";"https://aa.usno.navy.mil/api/moon/phases/year?year=2026"
"2026-09-18T20:44:00";"Primo quarto";"Gibbosa crescente";"https://aa.usno.navy.mil/api/moon/phases/year?year=2026"
"2026-09-26T16:49:00";"Luna piena";"Gibbosa calante";"https://aa.usno.navy.mil/api/moon/phases/year?year=2026"
"2026-10-03T13:25:00";"Ultimo quarto";"Falce calante";"https://aa.usno.navy.mil/api/moon/phases/year?year=2026"
"2026-10-10T15:50:00";"Luna nuova";"Falce crescente";"https://aa.usno.navy.mil/api/moon/phases/year?year=2026"
"2026-10-18T16:12:00";"Primo quarto";"Gibbosa crescente";"https://aa.usno.navy.mil/api/moon/phases/year?year=2026"
"2026-10-26T04:12:00";"Luna piena";"Gibbosa calante";"https://aa.usno.navy.mil/api/moon/phases/year?year=2026"
"2026-11-01T20:28:00";"Ultimo quarto";"Falce calante";"https://aa.usno.navy.mil/api/moon/phases/year?year=2026"
"2026-11-09T07:02:00";"Luna nuova";"Falce crescente";"https://aa.usno.navy.mil/api/moon/phases/year?year=2026"
"2026-11-17T11:48:00";"Primo quarto";"Gibbosa crescente";"https://aa.usno.navy.mil/api/moon/phases/year?year=2026"
"2026-11-24T14:53:00";"Luna piena";"Gibbosa calante";"https://aa.usno.navy.mil/api/moon/phases/year?year=2026"
"2026-12-01T06:08:00";"Ultimo quarto";"Falce calante";"https://aa.usno.navy.mil/api/moon/phases/year?year=2026"
"2026-12-09T00:52:00";"Luna nuova";"Falce crescente";"https://aa.usno.navy.mil/api/moon/phases/year?year=2026"
"2026-12-17T05:42:00";"Primo quarto";"Gibbosa crescente";"https://aa.usno.navy.mil/api/moon/phases/year?year=2026"
"2026-12-24T01:28:00";"Luna piena";"Gibbosa calante";"https://aa.usno.navy.mil/api/moon/phases/year?year=2026"
"2026-12-30T18:59:00";"Ultimo quarto";"Falce calante";"https://aa.usno.navy.mil/api/moon/phases/year?year=2026"
"2027-01-07T20:24:00";"Luna nuova";"Falce crescente";"https://aa.usno.navy.mil/api/moon/phases/year?year=2027"
"2027-01-15T20:34:00";"Primo quarto";"Gibbosa crescente";"https://aa.usno.navy.mil/api/moon/phases/year?year=2027"
"2027-01-22T12:17:00";"Luna piena";"Gibbosa calante";"https://aa.usno.navy.mil/api/moon/phases/year?year=2027"
"2027-01-29T10:55:00";"Ultimo quarto";"Falce calante";"https://aa.usno.navy.mil/api/moon/phases/year?year=2027"
"2027-02-06T15:56:00";"Luna nuova";"Falce crescente";"https://aa.usno.navy.mil/api/moon/phases/year?year=2027"
"2027-02-14T07:58:00";"Primo quarto";"Gibbosa crescente";"https://aa.usno.navy.mil/api/moon/phases/year?year=2027"
"2027-02-20T23:23:00";"Luna piena";"Gibbosa calante";"https://aa.usno.navy.mil/api/moon/phases/year?year=2027"
"2027-02-28T05:16:00";"Ultimo quarto";"Falce calante";"https://aa.usno.navy.mil/api/moon/phases/year?year=2027"
"2027-03-08T09:29:00";"Luna nuova";"Falce crescente";"https://aa.usno.navy.mil/api/moon/phases/year?year=2027"
"2027-03-15T16:25:00";"Primo quarto";"Gibbosa crescente";"https://aa.usno.navy.mil/api/moon/phases/year?year=2027"
"2027-03-22T10:44:00";"Luna piena";"Gibbosa calante";"https://aa.usno.navy.mil/api/moon/phases/year?year=2027"
"2027-03-30T00:54:00";"Ultimo quarto";"Falce calante";"https://aa.usno.navy.mil/api/moon/phases/year?year=2027"
"2027-04-06T23:51:00";"Luna nuova";"Falce crescente";"https://aa.usno.navy.mil/api/moon/phases/year?year=2027"
"2027-04-13T22:56:00";"Primo quarto";"Gibbosa crescente";"https://aa.usno.navy.mil/api/moon/phases/year?year=2027"
"2027-04-20T22:27:00";"Luna piena";"Gibbosa calante";"https://aa.usno.navy.mil/api/moon/phases/year?year=2027"
"2027-04-28T20:18:00";"Ultimo quarto";"Falce calante";"https://aa.usno.navy.mil/api/moon/phases/year?year=2027"
"2027-05-06T10:58:00";"Luna nuova";"Falce crescente";"https://aa.usno.navy.mil/api/moon/phases/year?year=2027"
"2027-05-13T04:44:00";"Primo quarto";"Gibbosa crescente";"https://aa.usno.navy.mil/api/moon/phases/year?year=2027"
"2027-05-20T10:59:00";"Luna piena";"Gibbosa calante";"https://aa.usno.navy.mil/api/moon/phases/year?year=2027"
"2027-05-28T13:58:00";"Ultimo quarto";"Falce calante";"https://aa.usno.navy.mil/api/moon/phases/year?year=2027"
"2027-06-04T19:40:00";"Luna nuova";"Falce crescente";"https://aa.usno.navy.mil/api/moon/phases/year?year=2027"
"2027-06-11T10:56:00";"Primo quarto";"Gibbosa crescente";"https://aa.usno.navy.mil/api/moon/phases/year?year=2027"
"2027-06-19T00:44:00";"Luna piena";"Gibbosa calante";"https://aa.usno.navy.mil/api/moon/phases/year?year=2027"
"2027-06-27T04:54:00";"Ultimo quarto";"Falce calante";"https://aa.usno.navy.mil/api/moon/phases/year?year=2027"
"2027-07-04T03:02:00";"Luna nuova";"Falce crescente";"https://aa.usno.navy.mil/api/moon/phases/year?year=2027"
"2027-07-10T18:39:00";"Primo quarto";"Gibbosa crescente";"https://aa.usno.navy.mil/api/moon/phases/year?year=2027"
"2027-07-18T15:45:00";"Luna piena";"Gibbosa calante";"https://aa.usno.navy.mil/api/moon/phases/year?year=2027"
"2027-07-26T16:55:00";"Ultimo quarto";"Falce calante";"https://aa.usno.navy.mil/api/moon/phases/year?year=2027"
"2027-08-02T10:05:00";"Luna nuova";"Falce crescente";"https://aa.usno.navy.mil/api/moon/phases/year?year=2027"
"2027-08-09T04:54:00";"Primo quarto";"Gibbosa crescente";"https://aa.usno.navy.mil/api/moon/phases/year?year=2027"
"2027-08-17T07:29:00";"Luna piena";"Gibbosa calante";"https://aa.usno.navy.mil/api/moon/phases/year?year=2027"
"2027-08-25T02:27:00";"Ultimo quarto";"Falce calante";"https://aa.usno.navy.mil/api/moon/phases/year?year=2027"
"2027-08-31T17:41:00";"Luna nuova";"Falce crescente";"https://aa.usno.navy.mil/api/moon/phases/year?year=2027"
"2027-09-07T18:31:00";"Primo quarto";"Gibbosa crescente";"https://aa.usno.navy.mil/api/moon/phases/year?year=2027"
"2027-09-15T23:03:00";"Luna piena";"Gibbosa calante";"https://aa.usno.navy.mil/api/moon/phases/year?year=2027"
"2027-09-23T10:20:00";"Ultimo quarto";"Falce calante";"https://aa.usno.navy.mil/api/moon/phases/year?year=2027"
"2027-09-30T02:36:00";"Luna nuova";"Falce crescente";"https://aa.usno.navy.mil/api/moon/phases/year?year=2027"
"2027-10-07T11:47:00";"Primo quarto";"Gibbosa crescente";"https://aa.usno.navy.mil/api/moon/phases/year?year=2027"
"2027-10-15T13:47:00";"Luna piena";"Gibbosa calante";"https://aa.usno.navy.mil/api/moon/phases/year?year=2027"
"2027-10-22T17:29:00";"Ultimo quarto";"Falce calante";"https://aa.usno.navy.mil/api/moon/phases/year?year=2027"
"2027-10-29T13:36:00";"Luna nuova";"Falce crescente";"https://aa.usno.navy.mil/api/moon/phases/year?year=2027"
"2027-11-06T08:00:00";"Primo quarto";"Gibbosa crescente";"https://aa.usno.navy.mil/api/moon/phases/year?year=2027"
"2027-11-14T03:26:00";"Luna piena";"Gibbosa calante";"https://aa.usno.navy.mil/api/moon/phases/year?year=2027"
"2027-11-21T00:48:00";"Ultimo quarto";"Falce calante";"https://aa.usno.navy.mil/api/moon/phases/year?year=2027"
"2027-11-28T03:24:00";"Luna nuova";"Falce crescente";"https://aa.usno.navy.mil/api/moon/phases/year?year=2027"
"2027-12-06T05:22:00";"Primo quarto";"Gibbosa crescente";"https://aa.usno.navy.mil/api/moon/phases/year?year=2027"
"2027-12-13T16:09:00";"Luna piena";"Gibbosa calante";"https://aa.usno.navy.mil/api/moon/phases/year?year=2027"
"2027-12-20T09:11:00";"Ultimo quarto";"Falce calante";"https://aa.usno.navy.mil/api/moon/phases/year?year=2027"
"2027-12-27T20:12:00";"Luna nuova";"Falce crescente";"https://aa.usno.navy.mil/api/moon/phases/year?year=2027"
"2028-01-05T01:40:00";"Primo quarto";"Gibbosa crescente";"https://aa.usno.navy.mil/api/moon/phases/year?year=2028"
"2028-01-12T04:03:00";"Luna piena";"Gibbosa calante";"https://aa.usno.navy.mil/api/moon/phases/year?year=2028"
"2028-01-18T19:26:00";"Ultimo quarto";"Falce calante";"https://aa.usno.navy.mil/api/moon/phases/year?year=2028"
"2028-01-26T15:12:00";"Luna nuova";"Falce crescente";"https://aa.usno.navy.mil/api/moon/phases/year?year=2028"
"2028-02-03T19:10:00";"Primo quarto";"Gibbosa crescente";"https://aa.usno.navy.mil/api/moon/phases/year?year=2028"
"2028-02-10T15:04:00";"Luna piena";"Gibbosa calante";"https://aa.usno.navy.mil/api/moon/phases/year?year=2028"
"2028-02-17T08:08:00";"Ultimo quarto";"Falce calante";"https://aa.usno.navy.mil/api/moon/phases/year?year=2028"
"2028-02-25T10:37:00";"Luna nuova";"Falce crescente";"https://aa.usno.navy.mil/api/moon/phases/year?year=2028"
"2028-03-04T09:02:00";"Primo quarto";"Gibbosa crescente";"https://aa.usno.navy.mil/api/moon/phases/year?year=2028"
"2028-03-11T01:06:00";"Luna piena";"Gibbosa calante";"https://aa.usno.navy.mil/api/moon/phases/year?year=2028"
"2028-03-17T23:23:00";"Ultimo quarto";"Falce calante";"https://aa.usno.navy.mil/api/moon/phases/year?year=2028"
"2028-03-26T04:31:00";"Luna nuova";"Falce crescente";"https://aa.usno.navy.mil/api/moon/phases/year?year=2028"
"2028-04-02T19:15:00";"Primo quarto";"Gibbosa crescente";"https://aa.usno.navy.mil/api/moon/phases/year?year=2028"
"2028-04-09T10:26:00";"Luna piena";"Gibbosa calante";"https://aa.usno.navy.mil/api/moon/phases/year?year=2028"
"2028-04-16T16:37:00";"Ultimo quarto";"Falce calante";"https://aa.usno.navy.mil/api/moon/phases/year?year=2028"
"2028-04-24T19:47:00";"Luna nuova";"Falce crescente";"https://aa.usno.navy.mil/api/moon/phases/year?year=2028"
"2028-05-02T02:26:00";"Primo quarto";"Gibbosa crescente";"https://aa.usno.navy.mil/api/moon/phases/year?year=2028"
"2028-05-08T19:49:00";"Luna piena";"Gibbosa calante";"https://aa.usno.navy.mil/api/moon/phases/year?year=2028"
"2028-05-16T10:43:00";"Ultimo quarto";"Falce calante";"https://aa.usno.navy.mil/api/moon/phases/year?year=2028"
"2028-05-24T08:16:00";"Luna nuova";"Falce crescente";"https://aa.usno.navy.mil/api/moon/phases/year?year=2028"
"2028-05-31T07:36:00";"Primo quarto";"Gibbosa crescente";"https://aa.usno.navy.mil/api/moon/phases/year?year=2028"
"2028-06-07T06:09:00";"Luna piena";"Gibbosa calante";"https://aa.usno.navy.mil/api/moon/phases/year?year=2028"
"2028-06-15T04:27:00";"Ultimo quarto";"Falce calante";"https://aa.usno.navy.mil/api/moon/phases/year?year=2028"
"2028-06-22T18:27:00";"Luna nuova";"Falce crescente";"https://aa.usno.navy.mil/api/moon/phases/year?year=2028"
"2028-06-29T12:10:00";"Primo quarto";"Gibbosa crescente";"https://aa.usno.navy.mil/api/moon/phases/year?year=2028"
"2028-07-06T18:11:00";"Luna piena";"Gibbosa calante";"https://aa.usno.navy.mil/api/moon/phases/year?year=2028"
"2028-07-14T20:56:00";"Ultimo quarto";"Falce calante";"https://aa.usno.navy.mil/api/moon/phases/year?year=2028"
"2028-07-22T03:02:00";"Luna nuova";"Falce crescente";"https://aa.usno.navy.mil/api/moon/phases/year?year=2028"
"2028-07-28T17:40:00";"Primo quarto";"Gibbosa crescente";"https://aa.usno.navy.mil/api/moon/phases/year?year=2028"
"2028-08-05T08:10:00";"Luna piena";"Gibbosa calante";"https://aa.usno.navy.mil/api/moon/phases/year?year=2028"
"2028-08-13T11:45:00";"Ultimo quarto";"Falce calante";"https://aa.usno.navy.mil/api/moon/phases/year?year=2028"
"2028-08-20T10:44:00";"Luna nuova";"Falce crescente";"https://aa.usno.navy.mil/api/moon/phases/year?year=2028"
"2028-08-27T01:36:00";"Primo quarto";"Gibbosa crescente";"https://aa.usno.navy.mil/api/moon/phases/year?year=2028"
"2028-09-03T23:47:00";"Luna piena";"Gibbosa calante";"https://aa.usno.navy.mil/api/moon/phases/year?year=2028"
"2028-09-12T00:46:00";"Ultimo quarto";"Falce calante";"https://aa.usno.navy.mil/api/moon/phases/year?year=2028"
"2028-09-18T18:24:00";"Luna nuova";"Falce crescente";"https://aa.usno.navy.mil/api/moon/phases/year?year=2028"
"2028-09-25T13:10:00";"Primo quarto";"Gibbosa crescente";"https://aa.usno.navy.mil/api/moon/phases/year?year=2028"
"2028-10-03T16:25:00";"Luna piena";"Gibbosa calante";"https://aa.usno.navy.mil/api/moon/phases/year?year=2028"
"2028-10-11T11:57:00";"Ultimo quarto";"Falce calante";"https://aa.usno.navy.mil/api/moon/phases/year?year=2028"
"2028-10-18T02:57:00";"Luna nuova";"Falce crescente";"https://aa.usno.navy.mil/api/moon/phases/year?year=2028"
"2028-10-25T04:53:00";"Primo quarto";"Gibbosa crescente";"https://aa.usno.navy.mil/api/moon/phases/year?year=2028"
"2028-11-02T09:17:00";"Luna piena";"Gibbosa calante";"https://aa.usno.navy.mil/api/moon/phases/year?year=2028"
"2028-11-09T21:26:00";"Ultimo quarto";"Falce calante";"https://aa.usno.navy.mil/api/moon/phases/year?year=2028"
"2028-11-16T13:18:00";"Luna nuova";"Falce crescente";"https://aa.usno.navy.mil/api/moon/phases/year?year=2028"
"2028-11-24T00:14:00";"Primo quarto";"Gibbosa crescente";"https://aa.usno.navy.mil/api/moon/phases/year?year=2028"
"2028-12-02T01:40:00";"Luna piena";"Gibbosa calante";"https://aa.usno.navy.mil/api/moon/phases/year?year=2028"
"2028-12-09T05:39:00";"Ultimo quarto";"Falce calante";"https://aa.usno.navy.mil/api/moon/phases/year?year=2028"
"2028-12-16T02:06:00";"Luna nuova";"Falce crescente";"https://aa.usno.navy.mil/api/moon/phases/year?year=2028"
"2028-12-23T21:45:00";"Primo quarto";"Gibbosa crescente";"https://aa.usno.navy.mil/api/moon/phases/year?year=2028"
"2028-12-31T16:48:00";"Luna piena";"Gibbosa calante";"https://aa.usno.navy.mil/api/moon/phases/year?year=2028"
"2029-01-07T13:26:00";"Ultimo quarto";"Falce calante";"https://aa.usno.navy.mil/api/moon/phases/year?year=2029"
"2029-01-14T17:24:00";"Luna nuova";"Falce crescente";"https://aa.usno.navy.mil/api/moon/phases/year?year=2029"
"2029-01-22T19:23:00";"Primo quarto";"Gibbosa crescente";"https://aa.usno.navy.mil/api/moon/phases/year?year=2029"
"2029-01-30T06:03:00";"Luna piena";"Gibbosa calante";"https://aa.usno.navy.mil/api/moon/phases/year?year=2029"
"2029-02-05T21:52:00";"Ultimo quarto";"Falce calante";"https://aa.usno.navy.mil/api/moon/phases/year?year=2029"
"2029-02-13T10:31:00";"Luna nuova";"Falce crescente";"https://aa.usno.navy.mil/api/moon/phases/year?year=2029"
"2029-02-21T15:10:00";"Primo quarto";"Gibbosa crescente";"https://aa.usno.navy.mil/api/moon/phases/year?year=2029"
"2029-02-28T17:10:00";"Luna piena";"Gibbosa calante";"https://aa.usno.navy.mil/api/moon/phases/year?year=2029"
"2029-03-07T07:51:00";"Ultimo quarto";"Falce calante";"https://aa.usno.navy.mil/api/moon/phases/year?year=2029"
"2029-03-15T04:19:00";"Luna nuova";"Falce crescente";"https://aa.usno.navy.mil/api/moon/phases/year?year=2029"
"2029-03-23T07:33:00";"Primo quarto";"Gibbosa crescente";"https://aa.usno.navy.mil/api/moon/phases/year?year=2029"
"2029-03-30T02:26:00";"Luna piena";"Gibbosa calante";"https://aa.usno.navy.mil/api/moon/phases/year?year=2029"
"2029-04-05T19:51:00";"Ultimo quarto";"Falce calante";"https://aa.usno.navy.mil/api/moon/phases/year?year=2029"
"2029-04-13T21:40:00";"Luna nuova";"Falce crescente";"https://aa.usno.navy.mil/api/moon/phases/year?year=2029"
"2029-04-21T19:50:00";"Primo quarto";"Gibbosa crescente";"https://aa.usno.navy.mil/api/moon/phases/year?year=2029"
"2029-04-28T10:37:00";"Luna piena";"Gibbosa calante";"https://aa.usno.navy.mil/api/moon/phases/year?year=2029"
"2029-05-05T09:48:00";"Ultimo quarto";"Falce calante";"https://aa.usno.navy.mil/api/moon/phases/year?year=2029"
"2029-05-13T13:42:00";"Luna nuova";"Falce crescente";"https://aa.usno.navy.mil/api/moon/phases/year?year=2029"
"2029-05-21T04:16:00";"Primo quarto";"Gibbosa crescente";"https://aa.usno.navy.mil/api/moon/phases/year?year=2029"
"2029-05-27T18:37:00";"Luna piena";"Gibbosa calante";"https://aa.usno.navy.mil/api/moon/phases/year?year=2029"
"2029-06-04T01:19:00";"Ultimo quarto";"Falce calante";"https://aa.usno.navy.mil/api/moon/phases/year?year=2029"
"2029-06-12T03:50:00";"Luna nuova";"Falce crescente";"https://aa.usno.navy.mil/api/moon/phases/year?year=2029"
"2029-06-19T09:54:00";"Primo quarto";"Gibbosa crescente";"https://aa.usno.navy.mil/api/moon/phases/year?year=2029"
"2029-06-26T03:22:00";"Luna piena";"Gibbosa calante";"https://aa.usno.navy.mil/api/moon/phases/year?year=2029"
"2029-07-03T17:57:00";"Ultimo quarto";"Falce calante";"https://aa.usno.navy.mil/api/moon/phases/year?year=2029"
"2029-07-11T15:51:00";"Luna nuova";"Falce crescente";"https://aa.usno.navy.mil/api/moon/phases/year?year=2029"
"2029-07-18T14:14:00";"Primo quarto";"Gibbosa crescente";"https://aa.usno.navy.mil/api/moon/phases/year?year=2029"
"2029-07-25T13:36:00";"Luna piena";"Gibbosa calante";"https://aa.usno.navy.mil/api/moon/phases/year?year=2029"
"2029-08-02T11:15:00";"Ultimo quarto";"Falce calante";"https://aa.usno.navy.mil/api/moon/phases/year?year=2029"
"2029-08-10T01:56:00";"Luna nuova";"Falce crescente";"https://aa.usno.navy.mil/api/moon/phases/year?year=2029"
"2029-08-16T18:55:00";"Primo quarto";"Gibbosa crescente";"https://aa.usno.navy.mil/api/moon/phases/year?year=2029"
"2029-08-24T01:51:00";"Luna piena";"Gibbosa calante";"https://aa.usno.navy.mil/api/moon/phases/year?year=2029"
"2029-09-01T04:33:00";"Ultimo quarto";"Falce calante";"https://aa.usno.navy.mil/api/moon/phases/year?year=2029"
"2029-09-08T10:44:00";"Luna nuova";"Falce crescente";"https://aa.usno.navy.mil/api/moon/phases/year?year=2029"
"2029-09-15T01:29:00";"Primo quarto";"Gibbosa crescente";"https://aa.usno.navy.mil/api/moon/phases/year?year=2029"
"2029-09-22T16:29:00";"Luna piena";"Gibbosa calante";"https://aa.usno.navy.mil/api/moon/phases/year?year=2029"
"2029-09-30T20:57:00";"Ultimo quarto";"Falce calante";"https://aa.usno.navy.mil/api/moon/phases/year?year=2029"
"2029-10-07T19:14:00";"Luna nuova";"Falce crescente";"https://aa.usno.navy.mil/api/moon/phases/year?year=2029"
"2029-10-14T11:09:00";"Primo quarto";"Gibbosa crescente";"https://aa.usno.navy.mil/api/moon/phases/year?year=2029"
"2029-10-22T09:27:00";"Luna piena";"Gibbosa calante";"https://aa.usno.navy.mil/api/moon/phases/year?year=2029"
"2029-10-30T11:32:00";"Ultimo quarto";"Falce calante";"https://aa.usno.navy.mil/api/moon/phases/year?year=2029"
"2029-11-06T04:24:00";"Luna nuova";"Falce crescente";"https://aa.usno.navy.mil/api/moon/phases/year?year=2029"
"2029-11-13T00:35:00";"Primo quarto";"Gibbosa crescente";"https://aa.usno.navy.mil/api/moon/phases/year?year=2029"
"2029-11-21T04:03:00";"Luna piena";"Gibbosa calante";"https://aa.usno.navy.mil/api/moon/phases/year?year=2029"
"2029-11-28T23:48:00";"Ultimo quarto";"Falce calante";"https://aa.usno.navy.mil/api/moon/phases/year?year=2029"
"2029-12-05T14:52:00";"Luna nuova";"Falce crescente";"https://aa.usno.navy.mil/api/moon/phases/year?year=2029"
"2029-12-12T17:49:00";"Primo quarto";"Gibbosa crescente";"https://aa.usno.navy.mil/api/moon/phases/year?year=2029"
"2029-12-20T22:46:00";"Luna piena";"Gibbosa calante";"https://aa.usno.navy.mil/api/moon/phases/year?year=2029"
"2029-12-28T09:49:00";"Ultimo quarto";"Falce calante";"https://aa.usno.navy.mil/api/moon/phases/year?year=2029"
