Month;Day;Name;Source
1;2;Santi Basilio Magno e Gregorio Nazianzeno, vescovi e dottori;"https://github.com/Liturgical-Calendar/LiturgicalCalendarAPI/blob/1bb2b7c503a701a9713b2f881795afe46044af3b/jsondata/sourcedata/rite/roman/missals/propriumdesanctis_1970/i18n/it.json; https://github.com/Liturgical-Calendar/LiturgicalCalendarAPI/blob/1bb2b7c503a701a9713b2f881795afe46044af3b/jsondata/sourcedata/rite/roman/missals/propriumdesanctis_1970/propriumdesanctis_1970.json"
1;7;San Raimondo di Peñafort, sacerdote;"https://github.com/Liturgical-Calendar/LiturgicalCalendarAPI/blob/1bb2b7c503a701a9713b2f881795afe46044af3b/jsondata/sourcedata/rite/roman/missals/propriumdesanctis_1970/i18n/it.json; https://github.com/Liturgical-Calendar/LiturgicalCalendarAPI/blob/1bb2b7c503a701a9713b2f881795afe46044af3b/jsondata/sourcedata/rite/roman/missals/propriumdesanctis_1970/propriumdesanctis_1970.json"
1;13;Sant'Ilario di Poitiers, vescovo e dottore;"https://github.com/Liturgical-Calendar/LiturgicalCalendarAPI/blob/1bb2b7c503a701a9713b2f881795afe46044af3b/jsondata/sourcedata/rite/roman/missals/propriumdesanctis_1970/i18n/it.json; https://github.com/Liturgical-Calendar/LiturgicalCalendarAPI/blob/1bb2b7c503a701a9713b2f881795afe46044af3b/jsondata/sourcedata/rite/roman/missals/propriumdesanctis_1970/propriumdesanctis_1970.json"
1;17;Sant'Antonio di Egitto, abate;"https://github.com/Liturgical-Calendar/LiturgicalCalendarAPI/blob/1bb2b7c503a701a9713b2f881795afe46044af3b/jsondata/sourcedata/rite/roman/missals/propriumdesanctis_1970/i18n/it.json; https://github.com/Liturgical-Calendar/LiturgicalCalendarAPI/blob/1bb2b7c503a701a9713b2f881795afe46044af3b/jsondata/sourcedata/rite/roman/missals/propriumdesanctis_1970/propriumdesanctis_1970.json"
1;20;"San Fabiano, papa e martire; San Sebastiano, martire";"https://github.com/Liturgical-Calendar/LiturgicalCalendarAPI/blob/1bb2b7c503a701a9713b2f881795afe46044af3b/jsondata/sourcedata/rite/roman/missals/propriumdesanctis_1970/i18n/it.json; https://github.com/Liturgical-Calendar/LiturgicalCalendarAPI/blob/1bb2b7c503a701a9713b2f881795afe46044af3b/jsondata/sourcedata/rite/roman/missals/propriumdesanctis_1970/propriumdesanctis_1970.json"
1;21;Sant'Agnese, vergine e martire;"https://github.com/Liturgical-Calendar/LiturgicalCalendarAPI/blob/1bb2b7c503a701a9713b2f881795afe46044af3b/jsondata/sourcedata/rite/roman/missals/propriumdesanctis_1970/i18n/it.json; https://github.com/Liturgical-Calendar/LiturgicalCalendarAPI/blob/1bb2b7c503a701a9713b2f881795afe46044af3b/jsondata/sourcedata/rite/roman/missals/propriumdesanctis_1970/propriumdesanctis_1970.json"
1;22;San Vincenzo, diacono e martire;"https://github.com/Liturgical-Calendar/LiturgicalCalendarAPI/blob/1bb2b7c503a701a9713b2f881795afe46044af3b/jsondata/sourcedata/rite/roman/missals/propriumdesanctis_1970/i18n/it.json; https://github.com/Liturgical-Calendar/LiturgicalCalendarAPI/blob/1bb2b7c503a701a9713b2f881795afe46044af3b/jsondata/sourcedata/rite/roman/missals/propriumdesanctis_1970/propriumdesanctis_1970.json"
1;24;San Francesco de Sales, vescovo e dottore;"https://github.com/Liturgical-Calendar/LiturgicalCalendarAPI/blob/1bb2b7c503a701a9713b2f881795afe46044af3b/jsondata/sourcedata/rite/roman/missals/propriumdesanctis_1970/i18n/it.json; https://github.com/Liturgical-Calendar/LiturgicalCalendarAPI/blob/1bb2b7c503a701a9713b2f881795afe46044af3b/jsondata/sourcedata/rite/roman/missals/propriumdesanctis_1970/propriumdesanctis_1970.json"
1;25;Conversione di San Paolo, apostolo;"https://github.com/Liturgical-Calendar/LiturgicalCalendarAPI/blob/1bb2b7c503a701a9713b2f881795afe46044af3b/jsondata/sourcedata/rite/roman/missals/propriumdesanctis_1970/i18n/it.json; https://github.com/Liturgical-Calendar/LiturgicalCalendarAPI/blob/1bb2b7c503a701a9713b2f881795afe46044af3b/jsondata/sourcedata/rite/roman/missals/propriumdesanctis_1970/propriumdesanctis_1970.json"
1;26;Santi Timoteo e Tito, vescovi;"https://github.com/Liturgical-Calendar/LiturgicalCalendarAPI/blob/1bb2b7c503a701a9713b2f881795afe46044af3b/jsondata/sourcedata/rite/roman/missals/propriumdesanctis_1970/i18n/it.json; https://github.com/Liturgical-Calendar/LiturgicalCalendarAPI/blob/1bb2b7c503a701a9713b2f881795afe46044af3b/jsondata/sourcedata/rite/roman/missals/propriumdesanctis_1970/propriumdesanctis_1970.json"
1;27;Sant'Angela Merici, vergine;"https://github.com/Liturgical-Calendar/LiturgicalCalendarAPI/blob/1bb2b7c503a701a9713b2f881795afe46044af3b/jsondata/sourcedata/rite/roman/missals/propriumdesanctis_1970/i18n/it.json; https://github.com/Liturgical-Calendar/LiturgicalCalendarAPI/blob/1bb2b7c503a701a9713b2f881795afe46044af3b/jsondata/sourcedata/rite/roman/missals/propriumdesanctis_1970/propriumdesanctis_1970.json"
1;28;San Tommaso d'Aquino, sacerdote e dottore;"https://github.com/Liturgical-Calendar/LiturgicalCalendarAPI/blob/1bb2b7c503a701a9713b2f881795afe46044af3b/jsondata/sourcedata/rite/roman/missals/propriumdesanctis_1970/i18n/it.json; https://github.com/Liturgical-Calendar/LiturgicalCalendarAPI/blob/1bb2b7c503a701a9713b2f881795afe46044af3b/jsondata/sourcedata/rite/roman/missals/propriumdesanctis_1970/propriumdesanctis_1970.json"
1;31;San Giovanni Bosco, sacerdote;"https://github.com/Liturgical-Calendar/LiturgicalCalendarAPI/blob/1bb2b7c503a701a9713b2f881795afe46044af3b/jsondata/sourcedata/rite/roman/missals/propriumdesanctis_1970/i18n/it.json; https://github.com/Liturgical-Calendar/LiturgicalCalendarAPI/blob/1bb2b7c503a701a9713b2f881795afe46044af3b/jsondata/sourcedata/rite/roman/missals/propriumdesanctis_1970/propriumdesanctis_1970.json"
2;3;"San Biagio, vescovo e martire; Sant'Ansgario (Oscar), vescovo";"https://github.com/Liturgical-Calendar/LiturgicalCalendarAPI/blob/1bb2b7c503a701a9713b2f881795afe46044af3b/jsondata/sourcedata/rite/roman/missals/propriumdesanctis_1970/i18n/it.json; https://github.com/Liturgical-Calendar/LiturgicalCalendarAPI/blob/1bb2b7c503a701a9713b2f881795afe46044af3b/jsondata/sourcedata/rite/roman/missals/propriumdesanctis_1970/propriumdesanctis_1970.json"
2;5;Sant'Agata, vergine e martire;"https://github.com/Liturgical-Calendar/LiturgicalCalendarAPI/blob/1bb2b7c503a701a9713b2f881795afe46044af3b/jsondata/sourcedata/rite/roman/missals/propriumdesanctis_1970/i18n/it.json; https://github.com/Liturgical-Calendar/LiturgicalCalendarAPI/blob/1bb2b7c503a701a9713b2f881795afe46044af3b/jsondata/sourcedata/rite/roman/missals/propriumdesanctis_1970/propriumdesanctis_1970.json"
2;6;Santi Paolo Miki e compagni, martiri;"https://github.com/Liturgical-Calendar/LiturgicalCalendarAPI/blob/1bb2b7c503a701a9713b2f881795afe46044af3b/jsondata/sourcedata/rite/roman/missals/propriumdesanctis_1970/i18n/it.json; https://github.com/Liturgical-Calendar/LiturgicalCalendarAPI/blob/1bb2b7c503a701a9713b2f881795afe46044af3b/jsondata/sourcedata/rite/roman/missals/propriumdesanctis_1970/propriumdesanctis_1970.json"
2;8;"San Girolamo Emiliani; Santa Giuseppina Bakhita, vergine";"https://github.com/Liturgical-Calendar/LiturgicalCalendarAPI/blob/1bb2b7c503a701a9713b2f881795afe46044af3b/jsondata/sourcedata/rite/roman/missals/propriumdesanctis_1970/i18n/it.json; https://github.com/Liturgical-Calendar/LiturgicalCalendarAPI/blob/1bb2b7c503a701a9713b2f881795afe46044af3b/jsondata/sourcedata/rite/roman/missals/propriumdesanctis_1970/propriumdesanctis_1970.json; https://github.com/Liturgical-Calendar/LiturgicalCalendarAPI/blob/1bb2b7c503a701a9713b2f881795afe46044af3b/jsondata/sourcedata/rite/roman/missals/propriumdesanctis_2002/i18n/it.json; https://github.com/Liturgical-Calendar/LiturgicalCalendarAPI/blob/1bb2b7c503a701a9713b2f881795afe46044af3b/jsondata/sourcedata/rite/roman/missals/propriumdesanctis_2002/propriumdesanctis_2002.json"
2;10;Santa Scolastica, vergine;"https://github.com/Liturgical-Calendar/LiturgicalCalendarAPI/blob/1bb2b7c503a701a9713b2f881795afe46044af3b/jsondata/sourcedata/rite/roman/missals/propriumdesanctis_1970/i18n/it.json; https://github.com/Liturgical-Calendar/LiturgicalCalendarAPI/blob/1bb2b7c503a701a9713b2f881795afe46044af3b/jsondata/sourcedata/rite/roman/missals/propriumdesanctis_1970/propriumdesanctis_1970.json"
2;11;Beata Maria Vergine di Lourdes;"https://github.com/Liturgical-Calendar/LiturgicalCalendarAPI/blob/1bb2b7c503a701a9713b2f881795afe46044af3b/jsondata/sourcedata/rite/roman/missals/propriumdesanctis_1970/i18n/it.json; https://github.com/Liturgical-Calendar/LiturgicalCalendarAPI/blob/1bb2b7c503a701a9713b2f881795afe46044af3b/jsondata/sourcedata/rite/roman/missals/propriumdesanctis_1970/propriumdesanctis_1970.json"
2;14;Santi Cirillo, monaco, e Metodio, vescovo;"https://github.com/Liturgical-Calendar/LiturgicalCalendarAPI/blob/1bb2b7c503a701a9713b2f881795afe46044af3b/jsondata/sourcedata/rite/roman/missals/propriumdesanctis_1970/i18n/it.json; https://github.com/Liturgical-Calendar/LiturgicalCalendarAPI/blob/1bb2b7c503a701a9713b2f881795afe46044af3b/jsondata/sourcedata/rite/roman/missals/propriumdesanctis_1970/propriumdesanctis_1970.json"
2;17;Santi Sette Fondatori dei Servi della Beata Maria Vergine;"https://github.com/Liturgical-Calendar/LiturgicalCalendarAPI/blob/1bb2b7c503a701a9713b2f881795afe46044af3b/jsondata/sourcedata/rite/roman/missals/propriumdesanctis_1970/i18n/it.json; https://github.com/Liturgical-Calendar/LiturgicalCalendarAPI/blob/1bb2b7c503a701a9713b2f881795afe46044af3b/jsondata/sourcedata/rite/roman/missals/propriumdesanctis_1970/propriumdesanctis_1970.json"
2;21;San Pier Damiani, vescovo e dottore della Chiesa;"https://github.com/Liturgical-Calendar/LiturgicalCalendarAPI/blob/1bb2b7c503a701a9713b2f881795afe46044af3b/jsondata/sourcedata/rite/roman/missals/propriumdesanctis_1970/i18n/it.json; https://github.com/Liturgical-Calendar/LiturgicalCalendarAPI/blob/1bb2b7c503a701a9713b2f881795afe46044af3b/jsondata/sourcedata/rite/roman/missals/propriumdesanctis_1970/propriumdesanctis_1970.json"
2;22;Cattedra di San Pietro, apostolo;"https://github.com/Liturgical-Calendar/LiturgicalCalendarAPI/blob/1bb2b7c503a701a9713b2f881795afe46044af3b/jsondata/sourcedata/rite/roman/missals/propriumdesanctis_1970/i18n/it.json; https://github.com/Liturgical-Calendar/LiturgicalCalendarAPI/blob/1bb2b7c503a701a9713b2f881795afe46044af3b/jsondata/sourcedata/rite/roman/missals/propriumdesanctis_1970/propriumdesanctis_1970.json"
2;23;San Policarpo, vescovo e martire;"https://github.com/Liturgical-Calendar/LiturgicalCalendarAPI/blob/1bb2b7c503a701a9713b2f881795afe46044af3b/jsondata/sourcedata/rite/roman/missals/propriumdesanctis_1970/i18n/it.json; https://github.com/Liturgical-Calendar/LiturgicalCalendarAPI/blob/1bb2b7c503a701a9713b2f881795afe46044af3b/jsondata/sourcedata/rite/roman/missals/propriumdesanctis_1970/propriumdesanctis_1970.json"
2;27;San Gregorio di Narek, abate e dottore della Chiesa;"https://github.com/Liturgical-Calendar/LiturgicalCalendarAPI/blob/1bb2b7c503a701a9713b2f881795afe46044af3b/jsondata/sourcedata/rite/roman/decrees/decrees.json; https://github.com/Liturgical-Calendar/LiturgicalCalendarAPI/blob/1bb2b7c503a701a9713b2f881795afe46044af3b/jsondata/sourcedata/rite/roman/decrees/i18n/it.json"
3;4;San Casimiro;"https://github.com/Liturgical-Calendar/LiturgicalCalendarAPI/blob/1bb2b7c503a701a9713b2f881795afe46044af3b/jsondata/sourcedata/rite/roman/missals/propriumdesanctis_1970/i18n/it.json; https://github.com/Liturgical-Calendar/LiturgicalCalendarAPI/blob/1bb2b7c503a701a9713b2f881795afe46044af3b/jsondata/sourcedata/rite/roman/missals/propriumdesanctis_1970/propriumdesanctis_1970.json"
3;7;Sante Perpetua e Felicita, martiri;"https://github.com/Liturgical-Calendar/LiturgicalCalendarAPI/blob/1bb2b7c503a701a9713b2f881795afe46044af3b/jsondata/sourcedata/rite/roman/missals/propriumdesanctis_1970/i18n/it.json; https://github.com/Liturgical-Calendar/LiturgicalCalendarAPI/blob/1bb2b7c503a701a9713b2f881795afe46044af3b/jsondata/sourcedata/rite/roman/missals/propriumdesanctis_1970/propriumdesanctis_1970.json"
3;8;San Giovanni di Dio, religioso;"https://github.com/Liturgical-Calendar/LiturgicalCalendarAPI/blob/1bb2b7c503a701a9713b2f881795afe46044af3b/jsondata/sourcedata/rite/roman/missals/propriumdesanctis_1970/i18n/it.json; https://github.com/Liturgical-Calendar/LiturgicalCalendarAPI/blob/1bb2b7c503a701a9713b2f881795afe46044af3b/jsondata/sourcedata/rite/roman/missals/propriumdesanctis_1970/propriumdesanctis_1970.json"
3;9;Santa Francesca Romana, religiosa;"https://github.com/Liturgical-Calendar/LiturgicalCalendarAPI/blob/1bb2b7c503a701a9713b2f881795afe46044af3b/jsondata/sourcedata/rite/roman/missals/propriumdesanctis_1970/i18n/it.json; https://github.com/Liturgical-Calendar/LiturgicalCalendarAPI/blob/1bb2b7c503a701a9713b2f881795afe46044af3b/jsondata/sourcedata/rite/roman/missals/propriumdesanctis_1970/propriumdesanctis_1970.json"
3;17;San Patrizio, vescovo;"https://github.com/Liturgical-Calendar/LiturgicalCalendarAPI/blob/1bb2b7c503a701a9713b2f881795afe46044af3b/jsondata/sourcedata/rite/roman/missals/propriumdesanctis_1970/i18n/it.json; https://github.com/Liturgical-Calendar/LiturgicalCalendarAPI/blob/1bb2b7c503a701a9713b2f881795afe46044af3b/jsondata/sourcedata/rite/roman/missals/propriumdesanctis_1970/propriumdesanctis_1970.json"
3;18;San Cirillo di Gerusalemme, vescovo e dottore;"https://github.com/Liturgical-Calendar/LiturgicalCalendarAPI/blob/1bb2b7c503a701a9713b2f881795afe46044af3b/jsondata/sourcedata/rite/roman/missals/propriumdesanctis_1970/i18n/it.json; https://github.com/Liturgical-Calendar/LiturgicalCalendarAPI/blob/1bb2b7c503a701a9713b2f881795afe46044af3b/jsondata/sourcedata/rite/roman/missals/propriumdesanctis_1970/propriumdesanctis_1970.json"
3;19;San Giuseppe Sposo della Beata Vergine Maria;"https://github.com/Liturgical-Calendar/LiturgicalCalendarAPI/blob/1bb2b7c503a701a9713b2f881795afe46044af3b/jsondata/sourcedata/rite/roman/missals/propriumdesanctis_1970/i18n/it.json; https://github.com/Liturgical-Calendar/LiturgicalCalendarAPI/blob/1bb2b7c503a701a9713b2f881795afe46044af3b/jsondata/sourcedata/rite/roman/missals/propriumdesanctis_1970/propriumdesanctis_1970.json"
3;23;San Turibio di Mongrovejo, vescovo;"https://github.com/Liturgical-Calendar/LiturgicalCalendarAPI/blob/1bb2b7c503a701a9713b2f881795afe46044af3b/jsondata/sourcedata/rite/roman/missals/propriumdesanctis_1970/i18n/it.json; https://github.com/Liturgical-Calendar/LiturgicalCalendarAPI/blob/1bb2b7c503a701a9713b2f881795afe46044af3b/jsondata/sourcedata/rite/roman/missals/propriumdesanctis_1970/propriumdesanctis_1970.json"
4;2;San Francesco di Paola, eremita;"https://github.com/Liturgical-Calendar/LiturgicalCalendarAPI/blob/1bb2b7c503a701a9713b2f881795afe46044af3b/jsondata/sourcedata/rite/roman/missals/propriumdesanctis_1970/i18n/it.json; https://github.com/Liturgical-Calendar/LiturgicalCalendarAPI/blob/1bb2b7c503a701a9713b2f881795afe46044af3b/jsondata/sourcedata/rite/roman/missals/propriumdesanctis_1970/propriumdesanctis_1970.json"
4;4;Sant'Isidoro, vescovo e dottore della Chiesa;"https://github.com/Liturgical-Calendar/LiturgicalCalendarAPI/blob/1bb2b7c503a701a9713b2f881795afe46044af3b/jsondata/sourcedata/rite/roman/missals/propriumdesanctis_1970/i18n/it.json; https://github.com/Liturgical-Calendar/LiturgicalCalendarAPI/blob/1bb2b7c503a701a9713b2f881795afe46044af3b/jsondata/sourcedata/rite/roman/missals/propriumdesanctis_1970/propriumdesanctis_1970.json"
4;5;San Vincenzo Ferrer, sacerdote;"https://github.com/Liturgical-Calendar/LiturgicalCalendarAPI/blob/1bb2b7c503a701a9713b2f881795afe46044af3b/jsondata/sourcedata/rite/roman/missals/propriumdesanctis_1970/i18n/it.json; https://github.com/Liturgical-Calendar/LiturgicalCalendarAPI/blob/1bb2b7c503a701a9713b2f881795afe46044af3b/jsondata/sourcedata/rite/roman/missals/propriumdesanctis_1970/propriumdesanctis_1970.json"
4;7;San Giovanni Battista de la Salle, sacerdote;"https://github.com/Liturgical-Calendar/LiturgicalCalendarAPI/blob/1bb2b7c503a701a9713b2f881795afe46044af3b/jsondata/sourcedata/rite/roman/missals/propriumdesanctis_1970/i18n/it.json; https://github.com/Liturgical-Calendar/LiturgicalCalendarAPI/blob/1bb2b7c503a701a9713b2f881795afe46044af3b/jsondata/sourcedata/rite/roman/missals/propriumdesanctis_1970/propriumdesanctis_1970.json"
4;11;San Stanislao, vescovo e martire;"https://github.com/Liturgical-Calendar/LiturgicalCalendarAPI/blob/1bb2b7c503a701a9713b2f881795afe46044af3b/jsondata/sourcedata/rite/roman/missals/propriumdesanctis_1970/i18n/it.json; https://github.com/Liturgical-Calendar/LiturgicalCalendarAPI/blob/1bb2b7c503a701a9713b2f881795afe46044af3b/jsondata/sourcedata/rite/roman/missals/propriumdesanctis_1970/propriumdesanctis_1970.json"
4;13;San Martino I, papa e martire;"https://github.com/Liturgical-Calendar/LiturgicalCalendarAPI/blob/1bb2b7c503a701a9713b2f881795afe46044af3b/jsondata/sourcedata/rite/roman/missals/propriumdesanctis_1970/i18n/it.json; https://github.com/Liturgical-Calendar/LiturgicalCalendarAPI/blob/1bb2b7c503a701a9713b2f881795afe46044af3b/jsondata/sourcedata/rite/roman/missals/propriumdesanctis_1970/propriumdesanctis_1970.json"
4;21;Sant'Anselmo di Canterbury, vescovo e dottore della Chiesa;"https://github.com/Liturgical-Calendar/LiturgicalCalendarAPI/blob/1bb2b7c503a701a9713b2f881795afe46044af3b/jsondata/sourcedata/rite/roman/missals/propriumdesanctis_1970/i18n/it.json; https://github.com/Liturgical-Calendar/LiturgicalCalendarAPI/blob/1bb2b7c503a701a9713b2f881795afe46044af3b/jsondata/sourcedata/rite/roman/missals/propriumdesanctis_1970/propriumdesanctis_1970.json"
4;23;"San Giorgio, martire; Sant'Adalberto, vescovo e martire";"https://github.com/Liturgical-Calendar/LiturgicalCalendarAPI/blob/1bb2b7c503a701a9713b2f881795afe46044af3b/jsondata/sourcedata/rite/roman/missals/propriumdesanctis_1970/i18n/it.json; https://github.com/Liturgical-Calendar/LiturgicalCalendarAPI/blob/1bb2b7c503a701a9713b2f881795afe46044af3b/jsondata/sourcedata/rite/roman/missals/propriumdesanctis_1970/propriumdesanctis_1970.json; https://github.com/Liturgical-Calendar/LiturgicalCalendarAPI/blob/1bb2b7c503a701a9713b2f881795afe46044af3b/jsondata/sourcedata/rite/roman/missals/propriumdesanctis_2002/i18n/it.json; https://github.com/Liturgical-Calendar/LiturgicalCalendarAPI/blob/1bb2b7c503a701a9713b2f881795afe46044af3b/jsondata/sourcedata/rite/roman/missals/propriumdesanctis_2002/propriumdesanctis_2002.json"
4;24;San Fedele di Sigmaringen, sacerdote e martire;"https://github.com/Liturgical-Calendar/LiturgicalCalendarAPI/blob/1bb2b7c503a701a9713b2f881795afe46044af3b/jsondata/sourcedata/rite/roman/missals/propriumdesanctis_1970/i18n/it.json; https://github.com/Liturgical-Calendar/LiturgicalCalendarAPI/blob/1bb2b7c503a701a9713b2f881795afe46044af3b/jsondata/sourcedata/rite/roman/missals/propriumdesanctis_1970/propriumdesanctis_1970.json"
4;25;San Marco Evangelista;"https://github.com/Liturgical-Calendar/LiturgicalCalendarAPI/blob/1bb2b7c503a701a9713b2f881795afe46044af3b/jsondata/sourcedata/rite/roman/missals/propriumdesanctis_1970/i18n/it.json; https://github.com/Liturgical-Calendar/LiturgicalCalendarAPI/blob/1bb2b7c503a701a9713b2f881795afe46044af3b/jsondata/sourcedata/rite/roman/missals/propriumdesanctis_1970/propriumdesanctis_1970.json"
4;28;"San Luigi Grignion de Montfort; San Pietro Chanel, sacerdote e martire";"https://github.com/Liturgical-Calendar/LiturgicalCalendarAPI/blob/1bb2b7c503a701a9713b2f881795afe46044af3b/jsondata/sourcedata/rite/roman/missals/propriumdesanctis_1970/i18n/it.json; https://github.com/Liturgical-Calendar/LiturgicalCalendarAPI/blob/1bb2b7c503a701a9713b2f881795afe46044af3b/jsondata/sourcedata/rite/roman/missals/propriumdesanctis_1970/propriumdesanctis_1970.json; https://github.com/Liturgical-Calendar/LiturgicalCalendarAPI/blob/1bb2b7c503a701a9713b2f881795afe46044af3b/jsondata/sourcedata/rite/roman/missals/propriumdesanctis_2002/i18n/it.json; https://github.com/Liturgical-Calendar/LiturgicalCalendarAPI/blob/1bb2b7c503a701a9713b2f881795afe46044af3b/jsondata/sourcedata/rite/roman/missals/propriumdesanctis_2002/propriumdesanctis_2002.json"
4;29;Santa Caterina da Siena, vergine e dottore della Chiesa;"https://github.com/Liturgical-Calendar/LiturgicalCalendarAPI/blob/1bb2b7c503a701a9713b2f881795afe46044af3b/jsondata/sourcedata/rite/roman/missals/propriumdesanctis_1970/i18n/it.json; https://github.com/Liturgical-Calendar/LiturgicalCalendarAPI/blob/1bb2b7c503a701a9713b2f881795afe46044af3b/jsondata/sourcedata/rite/roman/missals/propriumdesanctis_1970/propriumdesanctis_1970.json"
4;30;San Pio V, papa;"https://github.com/Liturgical-Calendar/LiturgicalCalendarAPI/blob/1bb2b7c503a701a9713b2f881795afe46044af3b/jsondata/sourcedata/rite/roman/missals/propriumdesanctis_1970/i18n/it.json; https://github.com/Liturgical-Calendar/LiturgicalCalendarAPI/blob/1bb2b7c503a701a9713b2f881795afe46044af3b/jsondata/sourcedata/rite/roman/missals/propriumdesanctis_1970/propriumdesanctis_1970.json"
5;1;San Giuseppe Lavoratore;"https://github.com/Liturgical-Calendar/LiturgicalCalendarAPI/blob/1bb2b7c503a701a9713b2f881795afe46044af3b/jsondata/sourcedata/rite/roman/missals/propriumdesanctis_1970/i18n/it.json; https://github.com/Liturgical-Calendar/LiturgicalCalendarAPI/blob/1bb2b7c503a701a9713b2f881795afe46044af3b/jsondata/sourcedata/rite/roman/missals/propriumdesanctis_1970/propriumdesanctis_1970.json"
5;2;Sant'Atanasio, vescovo e dottore;"https://github.com/Liturgical-Calendar/LiturgicalCalendarAPI/blob/1bb2b7c503a701a9713b2f881795afe46044af3b/jsondata/sourcedata/rite/roman/missals/propriumdesanctis_1970/i18n/it.json; https://github.com/Liturgical-Calendar/LiturgicalCalendarAPI/blob/1bb2b7c503a701a9713b2f881795afe46044af3b/jsondata/sourcedata/rite/roman/missals/propriumdesanctis_1970/propriumdesanctis_1970.json"
5;3;Santi Filippo e Giacomo, apostoli;"https://github.com/Liturgical-Calendar/LiturgicalCalendarAPI/blob/1bb2b7c503a701a9713b2f881795afe46044af3b/jsondata/sourcedata/rite/roman/missals/propriumdesanctis_1970/i18n/it.json; https://github.com/Liturgical-Calendar/LiturgicalCalendarAPI/blob/1bb2b7c503a701a9713b2f881795afe46044af3b/jsondata/sourcedata/rite/roman/missals/propriumdesanctis_1970/propriumdesanctis_1970.json"
5;10;San Giovanni d'Avila, sacerdote e dottore della Chiesa;"https://github.com/Liturgical-Calendar/LiturgicalCalendarAPI/blob/1bb2b7c503a701a9713b2f881795afe46044af3b/jsondata/sourcedata/rite/roman/decrees/decrees.json; https://github.com/Liturgical-Calendar/LiturgicalCalendarAPI/blob/1bb2b7c503a701a9713b2f881795afe46044af3b/jsondata/sourcedata/rite/roman/decrees/i18n/it.json"
5;12;"San Pancrazio, martire; Santi Nereo e Achille, martiri";"https://github.com/Liturgical-Calendar/LiturgicalCalendarAPI/blob/1bb2b7c503a701a9713b2f881795afe46044af3b/jsondata/sourcedata/rite/roman/missals/propriumdesanctis_1970/i18n/it.json; https://github.com/Liturgical-Calendar/LiturgicalCalendarAPI/blob/1bb2b7c503a701a9713b2f881795afe46044af3b/jsondata/sourcedata/rite/roman/missals/propriumdesanctis_1970/propriumdesanctis_1970.json"
5;13;Beata Vergine Maria di Fatima;"https://github.com/Liturgical-Calendar/LiturgicalCalendarAPI/blob/1bb2b7c503a701a9713b2f881795afe46044af3b/jsondata/sourcedata/rite/roman/missals/propriumdesanctis_2002/i18n/it.json; https://github.com/Liturgical-Calendar/LiturgicalCalendarAPI/blob/1bb2b7c503a701a9713b2f881795afe46044af3b/jsondata/sourcedata/rite/roman/missals/propriumdesanctis_2002/propriumdesanctis_2002.json"
5;14;San Mattia, apostolo;"https://github.com/Liturgical-Calendar/LiturgicalCalendarAPI/blob/1bb2b7c503a701a9713b2f881795afe46044af3b/jsondata/sourcedata/rite/roman/missals/propriumdesanctis_1970/i18n/it.json; https://github.com/Liturgical-Calendar/LiturgicalCalendarAPI/blob/1bb2b7c503a701a9713b2f881795afe46044af3b/jsondata/sourcedata/rite/roman/missals/propriumdesanctis_1970/propriumdesanctis_1970.json"
5;18;San Giovanni I, papa e martire;"https://github.com/Liturgical-Calendar/LiturgicalCalendarAPI/blob/1bb2b7c503a701a9713b2f881795afe46044af3b/jsondata/sourcedata/rite/roman/missals/propriumdesanctis_1970/i18n/it.json; https://github.com/Liturgical-Calendar/LiturgicalCalendarAPI/blob/1bb2b7c503a701a9713b2f881795afe46044af3b/jsondata/sourcedata/rite/roman/missals/propriumdesanctis_1970/propriumdesanctis_1970.json"
5;20;San Bernardino da Siena, sacerdote;"https://github.com/Liturgical-Calendar/LiturgicalCalendarAPI/blob/1bb2b7c503a701a9713b2f881795afe46044af3b/jsondata/sourcedata/rite/roman/missals/propriumdesanctis_1970/i18n/it.json; https://github.com/Liturgical-Calendar/LiturgicalCalendarAPI/blob/1bb2b7c503a701a9713b2f881795afe46044af3b/jsondata/sourcedata/rite/roman/missals/propriumdesanctis_1970/propriumdesanctis_1970.json"
5;21;San Cristoforo Magallanes e compagni martiri;"https://github.com/Liturgical-Calendar/LiturgicalCalendarAPI/blob/1bb2b7c503a701a9713b2f881795afe46044af3b/jsondata/sourcedata/rite/roman/missals/propriumdesanctis_2002/i18n/it.json; https://github.com/Liturgical-Calendar/LiturgicalCalendarAPI/blob/1bb2b7c503a701a9713b2f881795afe46044af3b/jsondata/sourcedata/rite/roman/missals/propriumdesanctis_2002/propriumdesanctis_2002.json"
5;22;Santa Rita da Cascia, religiosa;"https://github.com/Liturgical-Calendar/LiturgicalCalendarAPI/blob/1bb2b7c503a701a9713b2f881795afe46044af3b/jsondata/sourcedata/rite/roman/missals/propriumdesanctis_2002/i18n/it.json; https://github.com/Liturgical-Calendar/LiturgicalCalendarAPI/blob/1bb2b7c503a701a9713b2f881795afe46044af3b/jsondata/sourcedata/rite/roman/missals/propriumdesanctis_2002/propriumdesanctis_2002.json"
5;25;"San Beda il Venerabile, sacerdote e dottore; San Gregorio VII, papa; Santa Maria Maddalena de Pazzi, vergine";"https://github.com/Liturgical-Calendar/LiturgicalCalendarAPI/blob/1bb2b7c503a701a9713b2f881795afe46044af3b/jsondata/sourcedata/rite/roman/missals/propriumdesanctis_1970/i18n/it.json; https://github.com/Liturgical-Calendar/LiturgicalCalendarAPI/blob/1bb2b7c503a701a9713b2f881795afe46044af3b/jsondata/sourcedata/rite/roman/missals/propriumdesanctis_1970/propriumdesanctis_1970.json"
5;26;San Filippo Neri, sacerdote;"https://github.com/Liturgical-Calendar/LiturgicalCalendarAPI/blob/1bb2b7c503a701a9713b2f881795afe46044af3b/jsondata/sourcedata/rite/roman/missals/propriumdesanctis_1970/i18n/it.json; https://github.com/Liturgical-Calendar/LiturgicalCalendarAPI/blob/1bb2b7c503a701a9713b2f881795afe46044af3b/jsondata/sourcedata/rite/roman/missals/propriumdesanctis_1970/propriumdesanctis_1970.json"
5;27;Sant'Agostino di Canterbury, vescovo;"https://github.com/Liturgical-Calendar/LiturgicalCalendarAPI/blob/1bb2b7c503a701a9713b2f881795afe46044af3b/jsondata/sourcedata/rite/roman/missals/propriumdesanctis_1970/i18n/it.json; https://github.com/Liturgical-Calendar/LiturgicalCalendarAPI/blob/1bb2b7c503a701a9713b2f881795afe46044af3b/jsondata/sourcedata/rite/roman/missals/propriumdesanctis_1970/propriumdesanctis_1970.json"
5;29;San Paolo VI, Papa;"https://github.com/Liturgical-Calendar/LiturgicalCalendarAPI/blob/1bb2b7c503a701a9713b2f881795afe46044af3b/jsondata/sourcedata/rite/roman/decrees/decrees.json; https://github.com/Liturgical-Calendar/LiturgicalCalendarAPI/blob/1bb2b7c503a701a9713b2f881795afe46044af3b/jsondata/sourcedata/rite/roman/decrees/i18n/it.json"
5;31;Visitazione della Beata Vergine Maria;"https://github.com/Liturgical-Calendar/LiturgicalCalendarAPI/blob/1bb2b7c503a701a9713b2f881795afe46044af3b/jsondata/sourcedata/rite/roman/missals/propriumdesanctis_1970/i18n/it.json; https://github.com/Liturgical-Calendar/LiturgicalCalendarAPI/blob/1bb2b7c503a701a9713b2f881795afe46044af3b/jsondata/sourcedata/rite/roman/missals/propriumdesanctis_1970/propriumdesanctis_1970.json"
6;1;San Giustino martire;"https://github.com/Liturgical-Calendar/LiturgicalCalendarAPI/blob/1bb2b7c503a701a9713b2f881795afe46044af3b/jsondata/sourcedata/rite/roman/missals/propriumdesanctis_1970/i18n/it.json; https://github.com/Liturgical-Calendar/LiturgicalCalendarAPI/blob/1bb2b7c503a701a9713b2f881795afe46044af3b/jsondata/sourcedata/rite/roman/missals/propriumdesanctis_1970/propriumdesanctis_1970.json"
6;2;Santi Marcellino e Pietro, martiri;"https://github.com/Liturgical-Calendar/LiturgicalCalendarAPI/blob/1bb2b7c503a701a9713b2f881795afe46044af3b/jsondata/sourcedata/rite/roman/missals/propriumdesanctis_1970/i18n/it.json; https://github.com/Liturgical-Calendar/LiturgicalCalendarAPI/blob/1bb2b7c503a701a9713b2f881795afe46044af3b/jsondata/sourcedata/rite/roman/missals/propriumdesanctis_1970/propriumdesanctis_1970.json"
6;3;Santi Carlo Lwanga e compagni, martiri;"https://github.com/Liturgical-Calendar/LiturgicalCalendarAPI/blob/1bb2b7c503a701a9713b2f881795afe46044af3b/jsondata/sourcedata/rite/roman/missals/propriumdesanctis_1970/i18n/it.json; https://github.com/Liturgical-Calendar/LiturgicalCalendarAPI/blob/1bb2b7c503a701a9713b2f881795afe46044af3b/jsondata/sourcedata/rite/roman/missals/propriumdesanctis_1970/propriumdesanctis_1970.json"
6;5;San Bonifacio, vescovo e martire;"https://github.com/Liturgical-Calendar/LiturgicalCalendarAPI/blob/1bb2b7c503a701a9713b2f881795afe46044af3b/jsondata/sourcedata/rite/roman/missals/propriumdesanctis_1970/i18n/it.json; https://github.com/Liturgical-Calendar/LiturgicalCalendarAPI/blob/1bb2b7c503a701a9713b2f881795afe46044af3b/jsondata/sourcedata/rite/roman/missals/propriumdesanctis_1970/propriumdesanctis_1970.json"
6;6;San Norberto;"https://github.com/Liturgical-Calendar/LiturgicalCalendarAPI/blob/1bb2b7c503a701a9713b2f881795afe46044af3b/jsondata/sourcedata/rite/roman/missals/propriumdesanctis_1970/i18n/it.json; https://github.com/Liturgical-Calendar/LiturgicalCalendarAPI/blob/1bb2b7c503a701a9713b2f881795afe46044af3b/jsondata/sourcedata/rite/roman/missals/propriumdesanctis_1970/propriumdesanctis_1970.json"
6;9;Sant'Efrem, diacono e dottore;"https://github.com/Liturgical-Calendar/LiturgicalCalendarAPI/blob/1bb2b7c503a701a9713b2f881795afe46044af3b/jsondata/sourcedata/rite/roman/missals/propriumdesanctis_1970/i18n/it.json; https://github.com/Liturgical-Calendar/LiturgicalCalendarAPI/blob/1bb2b7c503a701a9713b2f881795afe46044af3b/jsondata/sourcedata/rite/roman/missals/propriumdesanctis_1970/propriumdesanctis_1970.json"
6;11;San Barnaba, apostolo;"https://github.com/Liturgical-Calendar/LiturgicalCalendarAPI/blob/1bb2b7c503a701a9713b2f881795afe46044af3b/jsondata/sourcedata/rite/roman/missals/propriumdesanctis_1970/i18n/it.json; https://github.com/Liturgical-Calendar/LiturgicalCalendarAPI/blob/1bb2b7c503a701a9713b2f881795afe46044af3b/jsondata/sourcedata/rite/roman/missals/propriumdesanctis_1970/propriumdesanctis_1970.json"
6;13;Sant'Antonio da Padova, sacerdote e dottore;"https://github.com/Liturgical-Calendar/LiturgicalCalendarAPI/blob/1bb2b7c503a701a9713b2f881795afe46044af3b/jsondata/sourcedata/rite/roman/missals/propriumdesanctis_1970/i18n/it.json; https://github.com/Liturgical-Calendar/LiturgicalCalendarAPI/blob/1bb2b7c503a701a9713b2f881795afe46044af3b/jsondata/sourcedata/rite/roman/missals/propriumdesanctis_1970/propriumdesanctis_1970.json"
6;19;San Romualdo, abate;"https://github.com/Liturgical-Calendar/LiturgicalCalendarAPI/blob/1bb2b7c503a701a9713b2f881795afe46044af3b/jsondata/sourcedata/rite/roman/missals/propriumdesanctis_1970/i18n/it.json; https://github.com/Liturgical-Calendar/LiturgicalCalendarAPI/blob/1bb2b7c503a701a9713b2f881795afe46044af3b/jsondata/sourcedata/rite/roman/missals/propriumdesanctis_1970/propriumdesanctis_1970.json"
6;21;San Luigi Gonzaga, religioso;"https://github.com/Liturgical-Calendar/LiturgicalCalendarAPI/blob/1bb2b7c503a701a9713b2f881795afe46044af3b/jsondata/sourcedata/rite/roman/missals/propriumdesanctis_1970/i18n/it.json; https://github.com/Liturgical-Calendar/LiturgicalCalendarAPI/blob/1bb2b7c503a701a9713b2f881795afe46044af3b/jsondata/sourcedata/rite/roman/missals/propriumdesanctis_1970/propriumdesanctis_1970.json"
6;22;"San Paolino da Nola, vescovo; Santi Giovanni Fisher, vescovo e martire e Tommaso Moro, martire";"https://github.com/Liturgical-Calendar/LiturgicalCalendarAPI/blob/1bb2b7c503a701a9713b2f881795afe46044af3b/jsondata/sourcedata/rite/roman/missals/propriumdesanctis_1970/i18n/it.json; https://github.com/Liturgical-Calendar/LiturgicalCalendarAPI/blob/1bb2b7c503a701a9713b2f881795afe46044af3b/jsondata/sourcedata/rite/roman/missals/propriumdesanctis_1970/propriumdesanctis_1970.json"
6;24;Natività di San Giovanni Battista;"https://github.com/Liturgical-Calendar/LiturgicalCalendarAPI/blob/1bb2b7c503a701a9713b2f881795afe46044af3b/jsondata/sourcedata/rite/roman/missals/propriumdesanctis_1970/i18n/it.json; https://github.com/Liturgical-Calendar/LiturgicalCalendarAPI/blob/1bb2b7c503a701a9713b2f881795afe46044af3b/jsondata/sourcedata/rite/roman/missals/propriumdesanctis_1970/propriumdesanctis_1970.json"
6;27;San Cirillo di Alessandria, vescovo e dottore;"https://github.com/Liturgical-Calendar/LiturgicalCalendarAPI/blob/1bb2b7c503a701a9713b2f881795afe46044af3b/jsondata/sourcedata/rite/roman/missals/propriumdesanctis_1970/i18n/it.json; https://github.com/Liturgical-Calendar/LiturgicalCalendarAPI/blob/1bb2b7c503a701a9713b2f881795afe46044af3b/jsondata/sourcedata/rite/roman/missals/propriumdesanctis_1970/propriumdesanctis_1970.json"
6;28;Sant'Ireneo, vescovo e martire e dottore della Chiesa;"https://github.com/Liturgical-Calendar/LiturgicalCalendarAPI/blob/1bb2b7c503a701a9713b2f881795afe46044af3b/jsondata/sourcedata/rite/roman/decrees/decrees.json; https://github.com/Liturgical-Calendar/LiturgicalCalendarAPI/blob/1bb2b7c503a701a9713b2f881795afe46044af3b/jsondata/sourcedata/rite/roman/decrees/i18n/it.json; https://github.com/Liturgical-Calendar/LiturgicalCalendarAPI/blob/1bb2b7c503a701a9713b2f881795afe46044af3b/jsondata/sourcedata/rite/roman/missals/propriumdesanctis_1970/i18n/it.json; https://github.com/Liturgical-Calendar/LiturgicalCalendarAPI/blob/1bb2b7c503a701a9713b2f881795afe46044af3b/jsondata/sourcedata/rite/roman/missals/propriumdesanctis_1970/propriumdesanctis_1970.json"
6;29;Santi Pietro e Paolo, Apostoli;"https://github.com/Liturgical-Calendar/LiturgicalCalendarAPI/blob/1bb2b7c503a701a9713b2f881795afe46044af3b/jsondata/sourcedata/rite/roman/missals/propriumdesanctis_1970/i18n/it.json; https://github.com/Liturgical-Calendar/LiturgicalCalendarAPI/blob/1bb2b7c503a701a9713b2f881795afe46044af3b/jsondata/sourcedata/rite/roman/missals/propriumdesanctis_1970/propriumdesanctis_1970.json"
6;30;Santi Primi Martiri della Chiesa Romana;"https://github.com/Liturgical-Calendar/LiturgicalCalendarAPI/blob/1bb2b7c503a701a9713b2f881795afe46044af3b/jsondata/sourcedata/rite/roman/missals/propriumdesanctis_1970/i18n/it.json; https://github.com/Liturgical-Calendar/LiturgicalCalendarAPI/blob/1bb2b7c503a701a9713b2f881795afe46044af3b/jsondata/sourcedata/rite/roman/missals/propriumdesanctis_1970/propriumdesanctis_1970.json"
7;3;San Tommaso Apostolo;"https://github.com/Liturgical-Calendar/LiturgicalCalendarAPI/blob/1bb2b7c503a701a9713b2f881795afe46044af3b/jsondata/sourcedata/rite/roman/missals/propriumdesanctis_1970/i18n/it.json; https://github.com/Liturgical-Calendar/LiturgicalCalendarAPI/blob/1bb2b7c503a701a9713b2f881795afe46044af3b/jsondata/sourcedata/rite/roman/missals/propriumdesanctis_1970/propriumdesanctis_1970.json"
7;4;Sant'Elisabetta da Portogallo;"https://github.com/Liturgical-Calendar/LiturgicalCalendarAPI/blob/1bb2b7c503a701a9713b2f881795afe46044af3b/jsondata/sourcedata/rite/roman/missals/propriumdesanctis_1970/i18n/it.json; https://github.com/Liturgical-Calendar/LiturgicalCalendarAPI/blob/1bb2b7c503a701a9713b2f881795afe46044af3b/jsondata/sourcedata/rite/roman/missals/propriumdesanctis_1970/propriumdesanctis_1970.json"
7;5;Sant'Antonio Zaccaria, sacerdote;"https://github.com/Liturgical-Calendar/LiturgicalCalendarAPI/blob/1bb2b7c503a701a9713b2f881795afe46044af3b/jsondata/sourcedata/rite/roman/missals/propriumdesanctis_1970/i18n/it.json; https://github.com/Liturgical-Calendar/LiturgicalCalendarAPI/blob/1bb2b7c503a701a9713b2f881795afe46044af3b/jsondata/sourcedata/rite/roman/missals/propriumdesanctis_1970/propriumdesanctis_1970.json"
7;6;Santa Maria Goretti, vergine e martire;"https://github.com/Liturgical-Calendar/LiturgicalCalendarAPI/blob/1bb2b7c503a701a9713b2f881795afe46044af3b/jsondata/sourcedata/rite/roman/missals/propriumdesanctis_1970/i18n/it.json; https://github.com/Liturgical-Calendar/LiturgicalCalendarAPI/blob/1bb2b7c503a701a9713b2f881795afe46044af3b/jsondata/sourcedata/rite/roman/missals/propriumdesanctis_1970/propriumdesanctis_1970.json"
7;9;Santi Agostino Zhao Rong e compagni martiri;"https://github.com/Liturgical-Calendar/LiturgicalCalendarAPI/blob/1bb2b7c503a701a9713b2f881795afe46044af3b/jsondata/sourcedata/rite/roman/missals/propriumdesanctis_2002/i18n/it.json; https://github.com/Liturgical-Calendar/LiturgicalCalendarAPI/blob/1bb2b7c503a701a9713b2f881795afe46044af3b/jsondata/sourcedata/rite/roman/missals/propriumdesanctis_2002/propriumdesanctis_2002.json"
7;11;San Benedetto, abate;"https://github.com/Liturgical-Calendar/LiturgicalCalendarAPI/blob/1bb2b7c503a701a9713b2f881795afe46044af3b/jsondata/sourcedata/rite/roman/missals/propriumdesanctis_1970/i18n/it.json; https://github.com/Liturgical-Calendar/LiturgicalCalendarAPI/blob/1bb2b7c503a701a9713b2f881795afe46044af3b/jsondata/sourcedata/rite/roman/missals/propriumdesanctis_1970/propriumdesanctis_1970.json"
7;13;Sant'Enrico;"https://github.com/Liturgical-Calendar/LiturgicalCalendarAPI/blob/1bb2b7c503a701a9713b2f881795afe46044af3b/jsondata/sourcedata/rite/roman/missals/propriumdesanctis_1970/i18n/it.json; https://github.com/Liturgical-Calendar/LiturgicalCalendarAPI/blob/1bb2b7c503a701a9713b2f881795afe46044af3b/jsondata/sourcedata/rite/roman/missals/propriumdesanctis_1970/propriumdesanctis_1970.json"
7;14;San Camillo de Lellis, sacerdote;"https://github.com/Liturgical-Calendar/LiturgicalCalendarAPI/blob/1bb2b7c503a701a9713b2f881795afe46044af3b/jsondata/sourcedata/rite/roman/missals/propriumdesanctis_1970/i18n/it.json; https://github.com/Liturgical-Calendar/LiturgicalCalendarAPI/blob/1bb2b7c503a701a9713b2f881795afe46044af3b/jsondata/sourcedata/rite/roman/missals/propriumdesanctis_1970/propriumdesanctis_1970.json"
7;15;San Bonaventura, vescovo e dottore;"https://github.com/Liturgical-Calendar/LiturgicalCalendarAPI/blob/1bb2b7c503a701a9713b2f881795afe46044af3b/jsondata/sourcedata/rite/roman/missals/propriumdesanctis_1970/i18n/it.json; https://github.com/Liturgical-Calendar/LiturgicalCalendarAPI/blob/1bb2b7c503a701a9713b2f881795afe46044af3b/jsondata/sourcedata/rite/roman/missals/propriumdesanctis_1970/propriumdesanctis_1970.json"
7;16;Beata Maria Vergine del Monte Carmelo;"https://github.com/Liturgical-Calendar/LiturgicalCalendarAPI/blob/1bb2b7c503a701a9713b2f881795afe46044af3b/jsondata/sourcedata/rite/roman/missals/propriumdesanctis_1970/i18n/it.json; https://github.com/Liturgical-Calendar/LiturgicalCalendarAPI/blob/1bb2b7c503a701a9713b2f881795afe46044af3b/jsondata/sourcedata/rite/roman/missals/propriumdesanctis_1970/propriumdesanctis_1970.json"
7;20;Sant'Apollinare, vescovo e martire;"https://github.com/Liturgical-Calendar/LiturgicalCalendarAPI/blob/1bb2b7c503a701a9713b2f881795afe46044af3b/jsondata/sourcedata/rite/roman/missals/propriumdesanctis_2002/i18n/it.json; https://github.com/Liturgical-Calendar/LiturgicalCalendarAPI/blob/1bb2b7c503a701a9713b2f881795afe46044af3b/jsondata/sourcedata/rite/roman/missals/propriumdesanctis_2002/propriumdesanctis_2002.json"
7;21;San Lorenzo da Brindisi, sacerdote e dottore;"https://github.com/Liturgical-Calendar/LiturgicalCalendarAPI/blob/1bb2b7c503a701a9713b2f881795afe46044af3b/jsondata/sourcedata/rite/roman/missals/propriumdesanctis_1970/i18n/it.json; https://github.com/Liturgical-Calendar/LiturgicalCalendarAPI/blob/1bb2b7c503a701a9713b2f881795afe46044af3b/jsondata/sourcedata/rite/roman/missals/propriumdesanctis_1970/propriumdesanctis_1970.json"
7;22;Santa Maria Maddalena;"https://github.com/Liturgical-Calendar/LiturgicalCalendarAPI/blob/1bb2b7c503a701a9713b2f881795afe46044af3b/jsondata/sourcedata/rite/roman/missals/propriumdesanctis_1970/i18n/it.json; https://github.com/Liturgical-Calendar/LiturgicalCalendarAPI/blob/1bb2b7c503a701a9713b2f881795afe46044af3b/jsondata/sourcedata/rite/roman/missals/propriumdesanctis_1970/propriumdesanctis_1970.json"
7;23;Santa Brigida, religiosa;"https://github.com/Liturgical-Calendar/LiturgicalCalendarAPI/blob/1bb2b7c503a701a9713b2f881795afe46044af3b/jsondata/sourcedata/rite/roman/missals/propriumdesanctis_1970/i18n/it.json; https://github.com/Liturgical-Calendar/LiturgicalCalendarAPI/blob/1bb2b7c503a701a9713b2f881795afe46044af3b/jsondata/sourcedata/rite/roman/missals/propriumdesanctis_1970/propriumdesanctis_1970.json"
7;24;San Charbel Makhluf, eremita;"https://github.com/Liturgical-Calendar/LiturgicalCalendarAPI/blob/1bb2b7c503a701a9713b2f881795afe46044af3b/jsondata/sourcedata/rite/roman/missals/propriumdesanctis_2002/i18n/it.json; https://github.com/Liturgical-Calendar/LiturgicalCalendarAPI/blob/1bb2b7c503a701a9713b2f881795afe46044af3b/jsondata/sourcedata/rite/roman/missals/propriumdesanctis_2002/propriumdesanctis_2002.json"
7;25;San Giacomo, apostolo;"https://github.com/Liturgical-Calendar/LiturgicalCalendarAPI/blob/1bb2b7c503a701a9713b2f881795afe46044af3b/jsondata/sourcedata/rite/roman/missals/propriumdesanctis_1970/i18n/it.json; https://github.com/Liturgical-Calendar/LiturgicalCalendarAPI/blob/1bb2b7c503a701a9713b2f881795afe46044af3b/jsondata/sourcedata/rite/roman/missals/propriumdesanctis_1970/propriumdesanctis_1970.json"
7;26;Santi Gioacchino e Anna;"https://github.com/Liturgical-Calendar/LiturgicalCalendarAPI/blob/1bb2b7c503a701a9713b2f881795afe46044af3b/jsondata/sourcedata/rite/roman/missals/propriumdesanctis_1970/i18n/it.json; https://github.com/Liturgical-Calendar/LiturgicalCalendarAPI/blob/1bb2b7c503a701a9713b2f881795afe46044af3b/jsondata/sourcedata/rite/roman/missals/propriumdesanctis_1970/propriumdesanctis_1970.json"
7;29;Santi Marta, Maria e Lazzaro;"https://github.com/Liturgical-Calendar/LiturgicalCalendarAPI/blob/1bb2b7c503a701a9713b2f881795afe46044af3b/jsondata/sourcedata/rite/roman/decrees/decrees.json; https://github.com/Liturgical-Calendar/LiturgicalCalendarAPI/blob/1bb2b7c503a701a9713b2f881795afe46044af3b/jsondata/sourcedata/rite/roman/decrees/i18n/it.json; https://github.com/Liturgical-Calendar/LiturgicalCalendarAPI/blob/1bb2b7c503a701a9713b2f881795afe46044af3b/jsondata/sourcedata/rite/roman/missals/propriumdesanctis_1970/i18n/it.json; https://github.com/Liturgical-Calendar/LiturgicalCalendarAPI/blob/1bb2b7c503a701a9713b2f881795afe46044af3b/jsondata/sourcedata/rite/roman/missals/propriumdesanctis_1970/propriumdesanctis_1970.json"
7;30;San Pietro Crisologo, vescovo e dottore;"https://github.com/Liturgical-Calendar/LiturgicalCalendarAPI/blob/1bb2b7c503a701a9713b2f881795afe46044af3b/jsondata/sourcedata/rite/roman/missals/propriumdesanctis_1970/i18n/it.json; https://github.com/Liturgical-Calendar/LiturgicalCalendarAPI/blob/1bb2b7c503a701a9713b2f881795afe46044af3b/jsondata/sourcedata/rite/roman/missals/propriumdesanctis_1970/propriumdesanctis_1970.json"
7;31;Sant'Ignazio da Loyola, sacerdote;"https://github.com/Liturgical-Calendar/LiturgicalCalendarAPI/blob/1bb2b7c503a701a9713b2f881795afe46044af3b/jsondata/sourcedata/rite/roman/missals/propriumdesanctis_1970/i18n/it.json; https://github.com/Liturgical-Calendar/LiturgicalCalendarAPI/blob/1bb2b7c503a701a9713b2f881795afe46044af3b/jsondata/sourcedata/rite/roman/missals/propriumdesanctis_1970/propriumdesanctis_1970.json"
8;1;Sant'Alfonso Maria de Liguori, vescovo e dottore;"https://github.com/Liturgical-Calendar/LiturgicalCalendarAPI/blob/1bb2b7c503a701a9713b2f881795afe46044af3b/jsondata/sourcedata/rite/roman/missals/propriumdesanctis_1970/i18n/it.json; https://github.com/Liturgical-Calendar/LiturgicalCalendarAPI/blob/1bb2b7c503a701a9713b2f881795afe46044af3b/jsondata/sourcedata/rite/roman/missals/propriumdesanctis_1970/propriumdesanctis_1970.json"
8;2;"San Pier Giuliano Eymard, sacerdote; Sant'Eusebio da Vercelli, vescovo";"https://github.com/Liturgical-Calendar/LiturgicalCalendarAPI/blob/1bb2b7c503a701a9713b2f881795afe46044af3b/jsondata/sourcedata/rite/roman/missals/propriumdesanctis_1970/i18n/it.json; https://github.com/Liturgical-Calendar/LiturgicalCalendarAPI/blob/1bb2b7c503a701a9713b2f881795afe46044af3b/jsondata/sourcedata/rite/roman/missals/propriumdesanctis_1970/propriumdesanctis_1970.json; https://github.com/Liturgical-Calendar/LiturgicalCalendarAPI/blob/1bb2b7c503a701a9713b2f881795afe46044af3b/jsondata/sourcedata/rite/roman/missals/propriumdesanctis_2002/i18n/it.json; https://github.com/Liturgical-Calendar/LiturgicalCalendarAPI/blob/1bb2b7c503a701a9713b2f881795afe46044af3b/jsondata/sourcedata/rite/roman/missals/propriumdesanctis_2002/propriumdesanctis_2002.json"
8;4;San Giovanni Vianney (il Curato d'Ars), sacerdote;"https://github.com/Liturgical-Calendar/LiturgicalCalendarAPI/blob/1bb2b7c503a701a9713b2f881795afe46044af3b/jsondata/sourcedata/rite/roman/missals/propriumdesanctis_1970/i18n/it.json; https://github.com/Liturgical-Calendar/LiturgicalCalendarAPI/blob/1bb2b7c503a701a9713b2f881795afe46044af3b/jsondata/sourcedata/rite/roman/missals/propriumdesanctis_1970/propriumdesanctis_1970.json"
8;7;"San Gaetano, sacerdote; Santi Sisto II, papa, e compagni martiri";"https://github.com/Liturgical-Calendar/LiturgicalCalendarAPI/blob/1bb2b7c503a701a9713b2f881795afe46044af3b/jsondata/sourcedata/rite/roman/missals/propriumdesanctis_1970/i18n/it.json; https://github.com/Liturgical-Calendar/LiturgicalCalendarAPI/blob/1bb2b7c503a701a9713b2f881795afe46044af3b/jsondata/sourcedata/rite/roman/missals/propriumdesanctis_1970/propriumdesanctis_1970.json"
8;8;San Domenico, sacerdote;"https://github.com/Liturgical-Calendar/LiturgicalCalendarAPI/blob/1bb2b7c503a701a9713b2f881795afe46044af3b/jsondata/sourcedata/rite/roman/missals/propriumdesanctis_1970/i18n/it.json; https://github.com/Liturgical-Calendar/LiturgicalCalendarAPI/blob/1bb2b7c503a701a9713b2f881795afe46044af3b/jsondata/sourcedata/rite/roman/missals/propriumdesanctis_1970/propriumdesanctis_1970.json"
8;9;Santa Teresa Benedetta della Croce (Edith Stein), vergine e martire;"https://github.com/Liturgical-Calendar/LiturgicalCalendarAPI/blob/1bb2b7c503a701a9713b2f881795afe46044af3b/jsondata/sourcedata/rite/roman/missals/propriumdesanctis_2002/i18n/it.json; https://github.com/Liturgical-Calendar/LiturgicalCalendarAPI/blob/1bb2b7c503a701a9713b2f881795afe46044af3b/jsondata/sourcedata/rite/roman/missals/propriumdesanctis_2002/propriumdesanctis_2002.json"
8;10;San Lorenzo, diacono e martire;"https://github.com/Liturgical-Calendar/LiturgicalCalendarAPI/blob/1bb2b7c503a701a9713b2f881795afe46044af3b/jsondata/sourcedata/rite/roman/missals/propriumdesanctis_1970/i18n/it.json; https://github.com/Liturgical-Calendar/LiturgicalCalendarAPI/blob/1bb2b7c503a701a9713b2f881795afe46044af3b/jsondata/sourcedata/rite/roman/missals/propriumdesanctis_1970/propriumdesanctis_1970.json"
8;11;Santa Chiara, vergine;"https://github.com/Liturgical-Calendar/LiturgicalCalendarAPI/blob/1bb2b7c503a701a9713b2f881795afe46044af3b/jsondata/sourcedata/rite/roman/missals/propriumdesanctis_1970/i18n/it.json; https://github.com/Liturgical-Calendar/LiturgicalCalendarAPI/blob/1bb2b7c503a701a9713b2f881795afe46044af3b/jsondata/sourcedata/rite/roman/missals/propriumdesanctis_1970/propriumdesanctis_1970.json"
8;12;Santa Giovanna Francesca de Chantal, religiosa;"https://github.com/Liturgical-Calendar/LiturgicalCalendarAPI/blob/1bb2b7c503a701a9713b2f881795afe46044af3b/jsondata/sourcedata/rite/roman/missals/propriumdesanctis_1970/i18n/it.json; https://github.com/Liturgical-Calendar/LiturgicalCalendarAPI/blob/1bb2b7c503a701a9713b2f881795afe46044af3b/jsondata/sourcedata/rite/roman/missals/propriumdesanctis_1970/propriumdesanctis_1970.json; https://github.com/Liturgical-Calendar/LiturgicalCalendarAPI/blob/1bb2b7c503a701a9713b2f881795afe46044af3b/src/Handlers/CalendarHandler.php"
8;13;Santi Ponziano, papa, e Ippolito, sacerdote, martiri;"https://github.com/Liturgical-Calendar/LiturgicalCalendarAPI/blob/1bb2b7c503a701a9713b2f881795afe46044af3b/jsondata/sourcedata/rite/roman/missals/propriumdesanctis_1970/i18n/it.json; https://github.com/Liturgical-Calendar/LiturgicalCalendarAPI/blob/1bb2b7c503a701a9713b2f881795afe46044af3b/jsondata/sourcedata/rite/roman/missals/propriumdesanctis_1970/propriumdesanctis_1970.json"
8;14;San Massimiliano Kolbe, sacerdote e martire;"https://github.com/Liturgical-Calendar/LiturgicalCalendarAPI/blob/1bb2b7c503a701a9713b2f881795afe46044af3b/jsondata/sourcedata/rite/roman/missals/propriumdesanctis_2002/i18n/it.json; https://github.com/Liturgical-Calendar/LiturgicalCalendarAPI/blob/1bb2b7c503a701a9713b2f881795afe46044af3b/jsondata/sourcedata/rite/roman/missals/propriumdesanctis_2002/propriumdesanctis_2002.json"
8;15;Assunzione della Beata Vergine Maria;"https://github.com/Liturgical-Calendar/LiturgicalCalendarAPI/blob/1bb2b7c503a701a9713b2f881795afe46044af3b/jsondata/sourcedata/rite/roman/missals/propriumdesanctis_1970/i18n/it.json; https://github.com/Liturgical-Calendar/LiturgicalCalendarAPI/blob/1bb2b7c503a701a9713b2f881795afe46044af3b/jsondata/sourcedata/rite/roman/missals/propriumdesanctis_1970/propriumdesanctis_1970.json"
8;16;Santo Stefano di Ungheria;"https://github.com/Liturgical-Calendar/LiturgicalCalendarAPI/blob/1bb2b7c503a701a9713b2f881795afe46044af3b/jsondata/sourcedata/rite/roman/missals/propriumdesanctis_1970/i18n/it.json; https://github.com/Liturgical-Calendar/LiturgicalCalendarAPI/blob/1bb2b7c503a701a9713b2f881795afe46044af3b/jsondata/sourcedata/rite/roman/missals/propriumdesanctis_1970/propriumdesanctis_1970.json"
8;19;San Giovanni Eudes, sacerdote;"https://github.com/Liturgical-Calendar/LiturgicalCalendarAPI/blob/1bb2b7c503a701a9713b2f881795afe46044af3b/jsondata/sourcedata/rite/roman/missals/propriumdesanctis_1970/i18n/it.json; https://github.com/Liturgical-Calendar/LiturgicalCalendarAPI/blob/1bb2b7c503a701a9713b2f881795afe46044af3b/jsondata/sourcedata/rite/roman/missals/propriumdesanctis_1970/propriumdesanctis_1970.json"
8;20;San Bernardo di Chiaravalle, abate e dottore della Chiesa;"https://github.com/Liturgical-Calendar/LiturgicalCalendarAPI/blob/1bb2b7c503a701a9713b2f881795afe46044af3b/jsondata/sourcedata/rite/roman/missals/propriumdesanctis_1970/i18n/it.json; https://github.com/Liturgical-Calendar/LiturgicalCalendarAPI/blob/1bb2b7c503a701a9713b2f881795afe46044af3b/jsondata/sourcedata/rite/roman/missals/propriumdesanctis_1970/propriumdesanctis_1970.json"
8;21;San Pio X, papa;"https://github.com/Liturgical-Calendar/LiturgicalCalendarAPI/blob/1bb2b7c503a701a9713b2f881795afe46044af3b/jsondata/sourcedata/rite/roman/missals/propriumdesanctis_1970/i18n/it.json; https://github.com/Liturgical-Calendar/LiturgicalCalendarAPI/blob/1bb2b7c503a701a9713b2f881795afe46044af3b/jsondata/sourcedata/rite/roman/missals/propriumdesanctis_1970/propriumdesanctis_1970.json"
8;22;Beata Maria Vergine Regina;"https://github.com/Liturgical-Calendar/LiturgicalCalendarAPI/blob/1bb2b7c503a701a9713b2f881795afe46044af3b/jsondata/sourcedata/rite/roman/missals/propriumdesanctis_1970/i18n/it.json; https://github.com/Liturgical-Calendar/LiturgicalCalendarAPI/blob/1bb2b7c503a701a9713b2f881795afe46044af3b/jsondata/sourcedata/rite/roman/missals/propriumdesanctis_1970/propriumdesanctis_1970.json"
8;23;Santa Rosa da Lima, vergine;"https://github.com/Liturgical-Calendar/LiturgicalCalendarAPI/blob/1bb2b7c503a701a9713b2f881795afe46044af3b/jsondata/sourcedata/rite/roman/missals/propriumdesanctis_1970/i18n/it.json; https://github.com/Liturgical-Calendar/LiturgicalCalendarAPI/blob/1bb2b7c503a701a9713b2f881795afe46044af3b/jsondata/sourcedata/rite/roman/missals/propriumdesanctis_1970/propriumdesanctis_1970.json"
8;24;San Bartolomeo, apostolo;"https://github.com/Liturgical-Calendar/LiturgicalCalendarAPI/blob/1bb2b7c503a701a9713b2f881795afe46044af3b/jsondata/sourcedata/rite/roman/missals/propriumdesanctis_1970/i18n/it.json; https://github.com/Liturgical-Calendar/LiturgicalCalendarAPI/blob/1bb2b7c503a701a9713b2f881795afe46044af3b/jsondata/sourcedata/rite/roman/missals/propriumdesanctis_1970/propriumdesanctis_1970.json"
8;25;"San Giuseppe da Calasanzio, sacerdote; San Luigi";"https://github.com/Liturgical-Calendar/LiturgicalCalendarAPI/blob/1bb2b7c503a701a9713b2f881795afe46044af3b/jsondata/sourcedata/rite/roman/missals/propriumdesanctis_1970/i18n/it.json; https://github.com/Liturgical-Calendar/LiturgicalCalendarAPI/blob/1bb2b7c503a701a9713b2f881795afe46044af3b/jsondata/sourcedata/rite/roman/missals/propriumdesanctis_1970/propriumdesanctis_1970.json"
8;27;Santa Monica;"https://github.com/Liturgical-Calendar/LiturgicalCalendarAPI/blob/1bb2b7c503a701a9713b2f881795afe46044af3b/jsondata/sourcedata/rite/roman/missals/propriumdesanctis_1970/i18n/it.json; https://github.com/Liturgical-Calendar/LiturgicalCalendarAPI/blob/1bb2b7c503a701a9713b2f881795afe46044af3b/jsondata/sourcedata/rite/roman/missals/propriumdesanctis_1970/propriumdesanctis_1970.json"
8;28;Sant'Agostino di Ippona, vescovo e dottore della Chiesa;"https://github.com/Liturgical-Calendar/LiturgicalCalendarAPI/blob/1bb2b7c503a701a9713b2f881795afe46044af3b/jsondata/sourcedata/rite/roman/missals/propriumdesanctis_1970/i18n/it.json; https://github.com/Liturgical-Calendar/LiturgicalCalendarAPI/blob/1bb2b7c503a701a9713b2f881795afe46044af3b/jsondata/sourcedata/rite/roman/missals/propriumdesanctis_1970/propriumdesanctis_1970.json"
8;29;Martirio di San Giovanni Battista;"https://github.com/Liturgical-Calendar/LiturgicalCalendarAPI/blob/1bb2b7c503a701a9713b2f881795afe46044af3b/jsondata/sourcedata/rite/roman/missals/propriumdesanctis_1970/i18n/it.json; https://github.com/Liturgical-Calendar/LiturgicalCalendarAPI/blob/1bb2b7c503a701a9713b2f881795afe46044af3b/jsondata/sourcedata/rite/roman/missals/propriumdesanctis_1970/propriumdesanctis_1970.json"
9;3;San Gregorio Magno, papa e dottore;"https://github.com/Liturgical-Calendar/LiturgicalCalendarAPI/blob/1bb2b7c503a701a9713b2f881795afe46044af3b/jsondata/sourcedata/rite/roman/missals/propriumdesanctis_1970/i18n/it.json; https://github.com/Liturgical-Calendar/LiturgicalCalendarAPI/blob/1bb2b7c503a701a9713b2f881795afe46044af3b/jsondata/sourcedata/rite/roman/missals/propriumdesanctis_1970/propriumdesanctis_1970.json"
9;5;Santa Teresa di Calcutta, vergine;"https://github.com/Liturgical-Calendar/LiturgicalCalendarAPI/blob/1bb2b7c503a701a9713b2f881795afe46044af3b/jsondata/sourcedata/rite/roman/decrees/decrees.json; https://github.com/Liturgical-Calendar/LiturgicalCalendarAPI/blob/1bb2b7c503a701a9713b2f881795afe46044af3b/jsondata/sourcedata/rite/roman/decrees/i18n/it.json"
9;8;Natività della Beata Vergine Maria;"https://github.com/Liturgical-Calendar/LiturgicalCalendarAPI/blob/1bb2b7c503a701a9713b2f881795afe46044af3b/jsondata/sourcedata/rite/roman/missals/propriumdesanctis_1970/i18n/it.json; https://github.com/Liturgical-Calendar/LiturgicalCalendarAPI/blob/1bb2b7c503a701a9713b2f881795afe46044af3b/jsondata/sourcedata/rite/roman/missals/propriumdesanctis_1970/propriumdesanctis_1970.json"
9;9;San Pietro Claver, sacerdote;"https://github.com/Liturgical-Calendar/LiturgicalCalendarAPI/blob/1bb2b7c503a701a9713b2f881795afe46044af3b/jsondata/sourcedata/rite/roman/missals/propriumdesanctis_2002/i18n/it.json; https://github.com/Liturgical-Calendar/LiturgicalCalendarAPI/blob/1bb2b7c503a701a9713b2f881795afe46044af3b/jsondata/sourcedata/rite/roman/missals/propriumdesanctis_2002/propriumdesanctis_2002.json"
9;12;Santissimo Nome di Maria;"https://github.com/Liturgical-Calendar/LiturgicalCalendarAPI/blob/1bb2b7c503a701a9713b2f881795afe46044af3b/jsondata/sourcedata/rite/roman/missals/propriumdesanctis_2002/i18n/it.json; https://github.com/Liturgical-Calendar/LiturgicalCalendarAPI/blob/1bb2b7c503a701a9713b2f881795afe46044af3b/jsondata/sourcedata/rite/roman/missals/propriumdesanctis_2002/propriumdesanctis_2002.json"
9;13;San Giovanni Crisostomo, vescovo e dottore;"https://github.com/Liturgical-Calendar/LiturgicalCalendarAPI/blob/1bb2b7c503a701a9713b2f881795afe46044af3b/jsondata/sourcedata/rite/roman/missals/propriumdesanctis_1970/i18n/it.json; https://github.com/Liturgical-Calendar/LiturgicalCalendarAPI/blob/1bb2b7c503a701a9713b2f881795afe46044af3b/jsondata/sourcedata/rite/roman/missals/propriumdesanctis_1970/propriumdesanctis_1970.json"
9;15;Beata Vergine Maria Addolorata;"https://github.com/Liturgical-Calendar/LiturgicalCalendarAPI/blob/1bb2b7c503a701a9713b2f881795afe46044af3b/jsondata/sourcedata/rite/roman/missals/propriumdesanctis_1970/i18n/it.json; https://github.com/Liturgical-Calendar/LiturgicalCalendarAPI/blob/1bb2b7c503a701a9713b2f881795afe46044af3b/jsondata/sourcedata/rite/roman/missals/propriumdesanctis_1970/propriumdesanctis_1970.json"
9;16;Santi Cornelio, papa, e Cipriano, vescovo, martiri;"https://github.com/Liturgical-Calendar/LiturgicalCalendarAPI/blob/1bb2b7c503a701a9713b2f881795afe46044af3b/jsondata/sourcedata/rite/roman/missals/propriumdesanctis_1970/i18n/it.json; https://github.com/Liturgical-Calendar/LiturgicalCalendarAPI/blob/1bb2b7c503a701a9713b2f881795afe46044af3b/jsondata/sourcedata/rite/roman/missals/propriumdesanctis_1970/propriumdesanctis_1970.json"
9;17;"San Roberto Bellarmino, vescovo e dottore; Santa Ildegarda de Bingen, vergine e dottore della Chiesa";"https://github.com/Liturgical-Calendar/LiturgicalCalendarAPI/blob/1bb2b7c503a701a9713b2f881795afe46044af3b/jsondata/sourcedata/rite/roman/decrees/decrees.json; https://github.com/Liturgical-Calendar/LiturgicalCalendarAPI/blob/1bb2b7c503a701a9713b2f881795afe46044af3b/jsondata/sourcedata/rite/roman/decrees/i18n/it.json; https://github.com/Liturgical-Calendar/LiturgicalCalendarAPI/blob/1bb2b7c503a701a9713b2f881795afe46044af3b/jsondata/sourcedata/rite/roman/missals/propriumdesanctis_1970/i18n/it.json; https://github.com/Liturgical-Calendar/LiturgicalCalendarAPI/blob/1bb2b7c503a701a9713b2f881795afe46044af3b/jsondata/sourcedata/rite/roman/missals/propriumdesanctis_1970/propriumdesanctis_1970.json"
9;19;San Gennaro, vescovo e martire;"https://github.com/Liturgical-Calendar/LiturgicalCalendarAPI/blob/1bb2b7c503a701a9713b2f881795afe46044af3b/jsondata/sourcedata/rite/roman/missals/propriumdesanctis_1970/i18n/it.json; https://github.com/Liturgical-Calendar/LiturgicalCalendarAPI/blob/1bb2b7c503a701a9713b2f881795afe46044af3b/jsondata/sourcedata/rite/roman/missals/propriumdesanctis_1970/propriumdesanctis_1970.json"
9;20;Santi Andrea Kim Taegon, sacerdote, Paolo Chong Hasang e compagni martiri;"https://github.com/Liturgical-Calendar/LiturgicalCalendarAPI/blob/1bb2b7c503a701a9713b2f881795afe46044af3b/jsondata/sourcedata/rite/roman/missals/propriumdesanctis_2002/i18n/it.json; https://github.com/Liturgical-Calendar/LiturgicalCalendarAPI/blob/1bb2b7c503a701a9713b2f881795afe46044af3b/jsondata/sourcedata/rite/roman/missals/propriumdesanctis_2002/propriumdesanctis_2002.json"
9;21;San Matteo apostolo ed evangelista;"https://github.com/Liturgical-Calendar/LiturgicalCalendarAPI/blob/1bb2b7c503a701a9713b2f881795afe46044af3b/jsondata/sourcedata/rite/roman/missals/propriumdesanctis_1970/i18n/it.json; https://github.com/Liturgical-Calendar/LiturgicalCalendarAPI/blob/1bb2b7c503a701a9713b2f881795afe46044af3b/jsondata/sourcedata/rite/roman/missals/propriumdesanctis_1970/propriumdesanctis_1970.json"
9;23;San Pio da Pietrelcina, presbitero;"https://github.com/Liturgical-Calendar/LiturgicalCalendarAPI/blob/1bb2b7c503a701a9713b2f881795afe46044af3b/jsondata/sourcedata/rite/roman/missals/propriumdesanctis_2008/i18n/it.json; https://github.com/Liturgical-Calendar/LiturgicalCalendarAPI/blob/1bb2b7c503a701a9713b2f881795afe46044af3b/jsondata/sourcedata/rite/roman/missals/propriumdesanctis_2008/propriumdesanctis_2008.json"
9;24;Beata Vergine Maria della Mercede;https://www.vaticannews.va/en/saints/09/24/b--v--mary-of-the--mercy.html
9;26;Santi Cosma e Damiano, martiri;"https://github.com/Liturgical-Calendar/LiturgicalCalendarAPI/blob/1bb2b7c503a701a9713b2f881795afe46044af3b/jsondata/sourcedata/rite/roman/missals/propriumdesanctis_1970/i18n/it.json; https://github.com/Liturgical-Calendar/LiturgicalCalendarAPI/blob/1bb2b7c503a701a9713b2f881795afe46044af3b/jsondata/sourcedata/rite/roman/missals/propriumdesanctis_1970/propriumdesanctis_1970.json"
9;27;San Vincenzo de Paoli, sacerdote;"https://github.com/Liturgical-Calendar/LiturgicalCalendarAPI/blob/1bb2b7c503a701a9713b2f881795afe46044af3b/jsondata/sourcedata/rite/roman/missals/propriumdesanctis_1970/i18n/it.json; https://github.com/Liturgical-Calendar/LiturgicalCalendarAPI/blob/1bb2b7c503a701a9713b2f881795afe46044af3b/jsondata/sourcedata/rite/roman/missals/propriumdesanctis_1970/propriumdesanctis_1970.json"
9;28;"San Venceslao, martire; Santi Lorenzo Ruiz e compagni martiri";"https://github.com/Liturgical-Calendar/LiturgicalCalendarAPI/blob/1bb2b7c503a701a9713b2f881795afe46044af3b/jsondata/sourcedata/rite/roman/missals/propriumdesanctis_1970/i18n/it.json; https://github.com/Liturgical-Calendar/LiturgicalCalendarAPI/blob/1bb2b7c503a701a9713b2f881795afe46044af3b/jsondata/sourcedata/rite/roman/missals/propriumdesanctis_1970/propriumdesanctis_1970.json; https://github.com/Liturgical-Calendar/LiturgicalCalendarAPI/blob/1bb2b7c503a701a9713b2f881795afe46044af3b/jsondata/sourcedata/rite/roman/missals/propriumdesanctis_2002/i18n/it.json; https://github.com/Liturgical-Calendar/LiturgicalCalendarAPI/blob/1bb2b7c503a701a9713b2f881795afe46044af3b/jsondata/sourcedata/rite/roman/missals/propriumdesanctis_2002/propriumdesanctis_2002.json"
9;29;Santi Michele, Gabriele e Raffaele, arcangeli;"https://github.com/Liturgical-Calendar/LiturgicalCalendarAPI/blob/1bb2b7c503a701a9713b2f881795afe46044af3b/jsondata/sourcedata/rite/roman/missals/propriumdesanctis_1970/i18n/it.json; https://github.com/Liturgical-Calendar/LiturgicalCalendarAPI/blob/1bb2b7c503a701a9713b2f881795afe46044af3b/jsondata/sourcedata/rite/roman/missals/propriumdesanctis_1970/propriumdesanctis_1970.json"
9;30;San Girolamo, sacerdote e dottore;"https://github.com/Liturgical-Calendar/LiturgicalCalendarAPI/blob/1bb2b7c503a701a9713b2f881795afe46044af3b/jsondata/sourcedata/rite/roman/missals/propriumdesanctis_1970/i18n/it.json; https://github.com/Liturgical-Calendar/LiturgicalCalendarAPI/blob/1bb2b7c503a701a9713b2f881795afe46044af3b/jsondata/sourcedata/rite/roman/missals/propriumdesanctis_1970/propriumdesanctis_1970.json"
10;1;Santa Teresa di Gesù Bambino, vergine e dottore della Chiesa;"https://github.com/Liturgical-Calendar/LiturgicalCalendarAPI/blob/1bb2b7c503a701a9713b2f881795afe46044af3b/jsondata/sourcedata/rite/roman/decrees/decrees.json; https://github.com/Liturgical-Calendar/LiturgicalCalendarAPI/blob/1bb2b7c503a701a9713b2f881795afe46044af3b/jsondata/sourcedata/rite/roman/decrees/i18n/it.json; https://github.com/Liturgical-Calendar/LiturgicalCalendarAPI/blob/1bb2b7c503a701a9713b2f881795afe46044af3b/jsondata/sourcedata/rite/roman/missals/propriumdesanctis_1970/i18n/it.json; https://github.com/Liturgical-Calendar/LiturgicalCalendarAPI/blob/1bb2b7c503a701a9713b2f881795afe46044af3b/jsondata/sourcedata/rite/roman/missals/propriumdesanctis_1970/propriumdesanctis_1970.json"
10;2;Santi Angeli Custodi;"https://github.com/Liturgical-Calendar/LiturgicalCalendarAPI/blob/1bb2b7c503a701a9713b2f881795afe46044af3b/jsondata/sourcedata/rite/roman/missals/propriumdesanctis_1970/i18n/it.json; https://github.com/Liturgical-Calendar/LiturgicalCalendarAPI/blob/1bb2b7c503a701a9713b2f881795afe46044af3b/jsondata/sourcedata/rite/roman/missals/propriumdesanctis_1970/propriumdesanctis_1970.json"
10;4;San Francesco d’Assisi;"https://github.com/Liturgical-Calendar/LiturgicalCalendarAPI/blob/1bb2b7c503a701a9713b2f881795afe46044af3b/jsondata/sourcedata/rite/roman/missals/propriumdesanctis_1970/i18n/it.json; https://github.com/Liturgical-Calendar/LiturgicalCalendarAPI/blob/1bb2b7c503a701a9713b2f881795afe46044af3b/jsondata/sourcedata/rite/roman/missals/propriumdesanctis_1970/propriumdesanctis_1970.json; https://www.vaticannews.va/it/santo-del-giorno/10/04/san-francesco-d-assisi.html"
10;5;Santa Faustina Kowalska;"https://github.com/Liturgical-Calendar/LiturgicalCalendarAPI/blob/1bb2b7c503a701a9713b2f881795afe46044af3b/jsondata/sourcedata/rite/roman/decrees/decrees.json; https://github.com/Liturgical-Calendar/LiturgicalCalendarAPI/blob/1bb2b7c503a701a9713b2f881795afe46044af3b/jsondata/sourcedata/rite/roman/decrees/i18n/it.json"
10;6;San Bruno, sacerdote;"https://github.com/Liturgical-Calendar/LiturgicalCalendarAPI/blob/1bb2b7c503a701a9713b2f881795afe46044af3b/jsondata/sourcedata/rite/roman/missals/propriumdesanctis_1970/i18n/it.json; https://github.com/Liturgical-Calendar/LiturgicalCalendarAPI/blob/1bb2b7c503a701a9713b2f881795afe46044af3b/jsondata/sourcedata/rite/roman/missals/propriumdesanctis_1970/propriumdesanctis_1970.json"
10;7;Beata Maria Vergine del Rosario;"https://github.com/Liturgical-Calendar/LiturgicalCalendarAPI/blob/1bb2b7c503a701a9713b2f881795afe46044af3b/jsondata/sourcedata/rite/roman/missals/propriumdesanctis_1970/i18n/it.json; https://github.com/Liturgical-Calendar/LiturgicalCalendarAPI/blob/1bb2b7c503a701a9713b2f881795afe46044af3b/jsondata/sourcedata/rite/roman/missals/propriumdesanctis_1970/propriumdesanctis_1970.json"
10;9;"San Dionigi, vescovo, e compagni, martiri; San Giovanni Enrico Newman, presbitero e dottore della Chiesa; San Giovanni Leonardi, sacerdote";"https://github.com/Liturgical-Calendar/LiturgicalCalendarAPI/blob/1bb2b7c503a701a9713b2f881795afe46044af3b/jsondata/sourcedata/rite/roman/decrees/decrees.json; https://github.com/Liturgical-Calendar/LiturgicalCalendarAPI/blob/1bb2b7c503a701a9713b2f881795afe46044af3b/jsondata/sourcedata/rite/roman/decrees/i18n/it.json; https://github.com/Liturgical-Calendar/LiturgicalCalendarAPI/blob/1bb2b7c503a701a9713b2f881795afe46044af3b/jsondata/sourcedata/rite/roman/missals/propriumdesanctis_1970/i18n/it.json; https://github.com/Liturgical-Calendar/LiturgicalCalendarAPI/blob/1bb2b7c503a701a9713b2f881795afe46044af3b/jsondata/sourcedata/rite/roman/missals/propriumdesanctis_1970/propriumdesanctis_1970.json"
10;11;San Giovanni XXIII, papa;"https://github.com/Liturgical-Calendar/LiturgicalCalendarAPI/blob/1bb2b7c503a701a9713b2f881795afe46044af3b/jsondata/sourcedata/rite/roman/decrees/decrees.json; https://github.com/Liturgical-Calendar/LiturgicalCalendarAPI/blob/1bb2b7c503a701a9713b2f881795afe46044af3b/jsondata/sourcedata/rite/roman/decrees/i18n/it.json"
10;14;San Callisto I, papa e martire;"https://github.com/Liturgical-Calendar/LiturgicalCalendarAPI/blob/1bb2b7c503a701a9713b2f881795afe46044af3b/jsondata/sourcedata/rite/roman/missals/propriumdesanctis_1970/i18n/it.json; https://github.com/Liturgical-Calendar/LiturgicalCalendarAPI/blob/1bb2b7c503a701a9713b2f881795afe46044af3b/jsondata/sourcedata/rite/roman/missals/propriumdesanctis_1970/propriumdesanctis_1970.json"
10;15;Santa Teresa d'Avila, vergine e dottore;"https://github.com/Liturgical-Calendar/LiturgicalCalendarAPI/blob/1bb2b7c503a701a9713b2f881795afe46044af3b/jsondata/sourcedata/rite/roman/missals/propriumdesanctis_1970/i18n/it.json; https://github.com/Liturgical-Calendar/LiturgicalCalendarAPI/blob/1bb2b7c503a701a9713b2f881795afe46044af3b/jsondata/sourcedata/rite/roman/missals/propriumdesanctis_1970/propriumdesanctis_1970.json"
10;16;"Sant'Edvige, religiosa; Santa Margherita Maria Alacoque, vergine";"https://github.com/Liturgical-Calendar/LiturgicalCalendarAPI/blob/1bb2b7c503a701a9713b2f881795afe46044af3b/jsondata/sourcedata/rite/roman/missals/propriumdesanctis_1970/i18n/it.json; https://github.com/Liturgical-Calendar/LiturgicalCalendarAPI/blob/1bb2b7c503a701a9713b2f881795afe46044af3b/jsondata/sourcedata/rite/roman/missals/propriumdesanctis_1970/propriumdesanctis_1970.json"
10;17;Sant'Ignazio di Antiochia, vescovo e martire;"https://github.com/Liturgical-Calendar/LiturgicalCalendarAPI/blob/1bb2b7c503a701a9713b2f881795afe46044af3b/jsondata/sourcedata/rite/roman/missals/propriumdesanctis_1970/i18n/it.json; https://github.com/Liturgical-Calendar/LiturgicalCalendarAPI/blob/1bb2b7c503a701a9713b2f881795afe46044af3b/jsondata/sourcedata/rite/roman/missals/propriumdesanctis_1970/propriumdesanctis_1970.json"
10;18;San Luca Evangelista;"https://github.com/Liturgical-Calendar/LiturgicalCalendarAPI/blob/1bb2b7c503a701a9713b2f881795afe46044af3b/jsondata/sourcedata/rite/roman/missals/propriumdesanctis_1970/i18n/it.json; https://github.com/Liturgical-Calendar/LiturgicalCalendarAPI/blob/1bb2b7c503a701a9713b2f881795afe46044af3b/jsondata/sourcedata/rite/roman/missals/propriumdesanctis_1970/propriumdesanctis_1970.json"
10;19;"San Paolo della Croce, sacerdote; Santi Giovanni Brebeuf e Isacco Jogues, sacerdoti e compagni martiri";"https://github.com/Liturgical-Calendar/LiturgicalCalendarAPI/blob/1bb2b7c503a701a9713b2f881795afe46044af3b/jsondata/sourcedata/rite/roman/missals/propriumdesanctis_1970/i18n/it.json; https://github.com/Liturgical-Calendar/LiturgicalCalendarAPI/blob/1bb2b7c503a701a9713b2f881795afe46044af3b/jsondata/sourcedata/rite/roman/missals/propriumdesanctis_1970/propriumdesanctis_1970.json"
10;22;San Giovanni Paolo II, papa;"https://github.com/Liturgical-Calendar/LiturgicalCalendarAPI/blob/1bb2b7c503a701a9713b2f881795afe46044af3b/jsondata/sourcedata/rite/roman/decrees/decrees.json; https://github.com/Liturgical-Calendar/LiturgicalCalendarAPI/blob/1bb2b7c503a701a9713b2f881795afe46044af3b/jsondata/sourcedata/rite/roman/decrees/i18n/it.json"
10;23;San Giovanni da Capestrano, sacerdote;"https://github.com/Liturgical-Calendar/LiturgicalCalendarAPI/blob/1bb2b7c503a701a9713b2f881795afe46044af3b/jsondata/sourcedata/rite/roman/missals/propriumdesanctis_1970/i18n/it.json; https://github.com/Liturgical-Calendar/LiturgicalCalendarAPI/blob/1bb2b7c503a701a9713b2f881795afe46044af3b/jsondata/sourcedata/rite/roman/missals/propriumdesanctis_1970/propriumdesanctis_1970.json"
10;24;Sant'Antonio Maria Claret, vescovo;"https://github.com/Liturgical-Calendar/LiturgicalCalendarAPI/blob/1bb2b7c503a701a9713b2f881795afe46044af3b/jsondata/sourcedata/rite/roman/missals/propriumdesanctis_1970/i18n/it.json; https://github.com/Liturgical-Calendar/LiturgicalCalendarAPI/blob/1bb2b7c503a701a9713b2f881795afe46044af3b/jsondata/sourcedata/rite/roman/missals/propriumdesanctis_1970/propriumdesanctis_1970.json"
10;28;Santi Simone e Giuda, apostoli;"https://github.com/Liturgical-Calendar/LiturgicalCalendarAPI/blob/1bb2b7c503a701a9713b2f881795afe46044af3b/jsondata/sourcedata/rite/roman/missals/propriumdesanctis_1970/i18n/it.json; https://github.com/Liturgical-Calendar/LiturgicalCalendarAPI/blob/1bb2b7c503a701a9713b2f881795afe46044af3b/jsondata/sourcedata/rite/roman/missals/propriumdesanctis_1970/propriumdesanctis_1970.json"
11;1;Tutti i Santi;"https://github.com/Liturgical-Calendar/LiturgicalCalendarAPI/blob/1bb2b7c503a701a9713b2f881795afe46044af3b/jsondata/sourcedata/rite/roman/missals/propriumdesanctis_1970/i18n/it.json; https://github.com/Liturgical-Calendar/LiturgicalCalendarAPI/blob/1bb2b7c503a701a9713b2f881795afe46044af3b/jsondata/sourcedata/rite/roman/missals/propriumdesanctis_1970/propriumdesanctis_1970.json"
11;3;San Martino de Porres, religioso;"https://github.com/Liturgical-Calendar/LiturgicalCalendarAPI/blob/1bb2b7c503a701a9713b2f881795afe46044af3b/jsondata/sourcedata/rite/roman/missals/propriumdesanctis_1970/i18n/it.json; https://github.com/Liturgical-Calendar/LiturgicalCalendarAPI/blob/1bb2b7c503a701a9713b2f881795afe46044af3b/jsondata/sourcedata/rite/roman/missals/propriumdesanctis_1970/propriumdesanctis_1970.json"
11;4;San Carlo Borromeo, vescovo;"https://github.com/Liturgical-Calendar/LiturgicalCalendarAPI/blob/1bb2b7c503a701a9713b2f881795afe46044af3b/jsondata/sourcedata/rite/roman/missals/propriumdesanctis_1970/i18n/it.json; https://github.com/Liturgical-Calendar/LiturgicalCalendarAPI/blob/1bb2b7c503a701a9713b2f881795afe46044af3b/jsondata/sourcedata/rite/roman/missals/propriumdesanctis_1970/propriumdesanctis_1970.json"
11;10;San Leone Magno, papa e dottore;"https://github.com/Liturgical-Calendar/LiturgicalCalendarAPI/blob/1bb2b7c503a701a9713b2f881795afe46044af3b/jsondata/sourcedata/rite/roman/missals/propriumdesanctis_1970/i18n/it.json; https://github.com/Liturgical-Calendar/LiturgicalCalendarAPI/blob/1bb2b7c503a701a9713b2f881795afe46044af3b/jsondata/sourcedata/rite/roman/missals/propriumdesanctis_1970/propriumdesanctis_1970.json"
11;11;San Martino di Tours, vescovo;"https://github.com/Liturgical-Calendar/LiturgicalCalendarAPI/blob/1bb2b7c503a701a9713b2f881795afe46044af3b/jsondata/sourcedata/rite/roman/missals/propriumdesanctis_1970/i18n/it.json; https://github.com/Liturgical-Calendar/LiturgicalCalendarAPI/blob/1bb2b7c503a701a9713b2f881795afe46044af3b/jsondata/sourcedata/rite/roman/missals/propriumdesanctis_1970/propriumdesanctis_1970.json"
11;12;San Giosafat, vescovo e martire;"https://github.com/Liturgical-Calendar/LiturgicalCalendarAPI/blob/1bb2b7c503a701a9713b2f881795afe46044af3b/jsondata/sourcedata/rite/roman/missals/propriumdesanctis_1970/i18n/it.json; https://github.com/Liturgical-Calendar/LiturgicalCalendarAPI/blob/1bb2b7c503a701a9713b2f881795afe46044af3b/jsondata/sourcedata/rite/roman/missals/propriumdesanctis_1970/propriumdesanctis_1970.json"
11;15;Sant'Alberto Magno, vescovo e dottore;"https://github.com/Liturgical-Calendar/LiturgicalCalendarAPI/blob/1bb2b7c503a701a9713b2f881795afe46044af3b/jsondata/sourcedata/rite/roman/missals/propriumdesanctis_1970/i18n/it.json; https://github.com/Liturgical-Calendar/LiturgicalCalendarAPI/blob/1bb2b7c503a701a9713b2f881795afe46044af3b/jsondata/sourcedata/rite/roman/missals/propriumdesanctis_1970/propriumdesanctis_1970.json"
11;16;"Santa Geltrude, vergine; Santa Margherita di Scozia";"https://github.com/Liturgical-Calendar/LiturgicalCalendarAPI/blob/1bb2b7c503a701a9713b2f881795afe46044af3b/jsondata/sourcedata/rite/roman/missals/propriumdesanctis_1970/i18n/it.json; https://github.com/Liturgical-Calendar/LiturgicalCalendarAPI/blob/1bb2b7c503a701a9713b2f881795afe46044af3b/jsondata/sourcedata/rite/roman/missals/propriumdesanctis_1970/propriumdesanctis_1970.json"
11;17;Sant'Elisabetta di Ungheria, religiosa;"https://github.com/Liturgical-Calendar/LiturgicalCalendarAPI/blob/1bb2b7c503a701a9713b2f881795afe46044af3b/jsondata/sourcedata/rite/roman/missals/propriumdesanctis_1970/i18n/it.json; https://github.com/Liturgical-Calendar/LiturgicalCalendarAPI/blob/1bb2b7c503a701a9713b2f881795afe46044af3b/jsondata/sourcedata/rite/roman/missals/propriumdesanctis_1970/propriumdesanctis_1970.json"
11;21;Presentazione della Beata Vergine Maria;"https://github.com/Liturgical-Calendar/LiturgicalCalendarAPI/blob/1bb2b7c503a701a9713b2f881795afe46044af3b/jsondata/sourcedata/rite/roman/missals/propriumdesanctis_1970/i18n/it.json; https://github.com/Liturgical-Calendar/LiturgicalCalendarAPI/blob/1bb2b7c503a701a9713b2f881795afe46044af3b/jsondata/sourcedata/rite/roman/missals/propriumdesanctis_1970/propriumdesanctis_1970.json"
11;22;Santa Cecilia, vergine e martire;"https://github.com/Liturgical-Calendar/LiturgicalCalendarAPI/blob/1bb2b7c503a701a9713b2f881795afe46044af3b/jsondata/sourcedata/rite/roman/missals/propriumdesanctis_1970/i18n/it.json; https://github.com/Liturgical-Calendar/LiturgicalCalendarAPI/blob/1bb2b7c503a701a9713b2f881795afe46044af3b/jsondata/sourcedata/rite/roman/missals/propriumdesanctis_1970/propriumdesanctis_1970.json"
11;23;"San Clemente I, papa e martire; San Colombano, abate";"https://github.com/Liturgical-Calendar/LiturgicalCalendarAPI/blob/1bb2b7c503a701a9713b2f881795afe46044af3b/jsondata/sourcedata/rite/roman/missals/propriumdesanctis_1970/i18n/it.json; https://github.com/Liturgical-Calendar/LiturgicalCalendarAPI/blob/1bb2b7c503a701a9713b2f881795afe46044af3b/jsondata/sourcedata/rite/roman/missals/propriumdesanctis_1970/propriumdesanctis_1970.json"
11;24;Sant'Andrea Dung-Lac e compagni martiri;"https://github.com/Liturgical-Calendar/LiturgicalCalendarAPI/blob/1bb2b7c503a701a9713b2f881795afe46044af3b/jsondata/sourcedata/rite/roman/missals/propriumdesanctis_2002/i18n/it.json; https://github.com/Liturgical-Calendar/LiturgicalCalendarAPI/blob/1bb2b7c503a701a9713b2f881795afe46044af3b/jsondata/sourcedata/rite/roman/missals/propriumdesanctis_2002/propriumdesanctis_2002.json"
11;25;Santa Caterina da Alessandria, vergine e martire;"https://github.com/Liturgical-Calendar/LiturgicalCalendarAPI/blob/1bb2b7c503a701a9713b2f881795afe46044af3b/jsondata/sourcedata/rite/roman/missals/propriumdesanctis_2002/i18n/it.json; https://github.com/Liturgical-Calendar/LiturgicalCalendarAPI/blob/1bb2b7c503a701a9713b2f881795afe46044af3b/jsondata/sourcedata/rite/roman/missals/propriumdesanctis_2002/propriumdesanctis_2002.json"
11;30;Sant'Andrea apostolo;"https://github.com/Liturgical-Calendar/LiturgicalCalendarAPI/blob/1bb2b7c503a701a9713b2f881795afe46044af3b/jsondata/sourcedata/rite/roman/missals/propriumdesanctis_1970/i18n/it.json; https://github.com/Liturgical-Calendar/LiturgicalCalendarAPI/blob/1bb2b7c503a701a9713b2f881795afe46044af3b/jsondata/sourcedata/rite/roman/missals/propriumdesanctis_1970/propriumdesanctis_1970.json"
12;3;San Francesco Saverio, sacerdote;"https://github.com/Liturgical-Calendar/LiturgicalCalendarAPI/blob/1bb2b7c503a701a9713b2f881795afe46044af3b/jsondata/sourcedata/rite/roman/missals/propriumdesanctis_1970/i18n/it.json; https://github.com/Liturgical-Calendar/LiturgicalCalendarAPI/blob/1bb2b7c503a701a9713b2f881795afe46044af3b/jsondata/sourcedata/rite/roman/missals/propriumdesanctis_1970/propriumdesanctis_1970.json"
12;4;San Giovanni Damasceno, sacerdote e dottore;"https://github.com/Liturgical-Calendar/LiturgicalCalendarAPI/blob/1bb2b7c503a701a9713b2f881795afe46044af3b/jsondata/sourcedata/rite/roman/missals/propriumdesanctis_1970/i18n/it.json; https://github.com/Liturgical-Calendar/LiturgicalCalendarAPI/blob/1bb2b7c503a701a9713b2f881795afe46044af3b/jsondata/sourcedata/rite/roman/missals/propriumdesanctis_1970/propriumdesanctis_1970.json"
12;6;San Nicola, vescovo;"https://github.com/Liturgical-Calendar/LiturgicalCalendarAPI/blob/1bb2b7c503a701a9713b2f881795afe46044af3b/jsondata/sourcedata/rite/roman/missals/propriumdesanctis_1970/i18n/it.json; https://github.com/Liturgical-Calendar/LiturgicalCalendarAPI/blob/1bb2b7c503a701a9713b2f881795afe46044af3b/jsondata/sourcedata/rite/roman/missals/propriumdesanctis_1970/propriumdesanctis_1970.json"
12;7;Sant'Ambrogio, vescovo e dottore;"https://github.com/Liturgical-Calendar/LiturgicalCalendarAPI/blob/1bb2b7c503a701a9713b2f881795afe46044af3b/jsondata/sourcedata/rite/roman/missals/propriumdesanctis_1970/i18n/it.json; https://github.com/Liturgical-Calendar/LiturgicalCalendarAPI/blob/1bb2b7c503a701a9713b2f881795afe46044af3b/jsondata/sourcedata/rite/roman/missals/propriumdesanctis_1970/propriumdesanctis_1970.json"
12;8;Immacolata Concezione della Beata Vergine Maria;"https://github.com/Liturgical-Calendar/LiturgicalCalendarAPI/blob/1bb2b7c503a701a9713b2f881795afe46044af3b/jsondata/sourcedata/rite/roman/missals/propriumdesanctis_1970/i18n/it.json; https://github.com/Liturgical-Calendar/LiturgicalCalendarAPI/blob/1bb2b7c503a701a9713b2f881795afe46044af3b/jsondata/sourcedata/rite/roman/missals/propriumdesanctis_1970/propriumdesanctis_1970.json"
12;9;San Juan Diego Cuauhtlatouatzin;"https://github.com/Liturgical-Calendar/LiturgicalCalendarAPI/blob/1bb2b7c503a701a9713b2f881795afe46044af3b/jsondata/sourcedata/rite/roman/missals/propriumdesanctis_2008/i18n/it.json; https://github.com/Liturgical-Calendar/LiturgicalCalendarAPI/blob/1bb2b7c503a701a9713b2f881795afe46044af3b/jsondata/sourcedata/rite/roman/missals/propriumdesanctis_2008/propriumdesanctis_2008.json"
12;10;Beata Maria Vergine di Loreto;"https://github.com/Liturgical-Calendar/LiturgicalCalendarAPI/blob/1bb2b7c503a701a9713b2f881795afe46044af3b/jsondata/sourcedata/rite/roman/decrees/decrees.json; https://github.com/Liturgical-Calendar/LiturgicalCalendarAPI/blob/1bb2b7c503a701a9713b2f881795afe46044af3b/jsondata/sourcedata/rite/roman/decrees/i18n/it.json"
12;11;San Damaso I, papa;"https://github.com/Liturgical-Calendar/LiturgicalCalendarAPI/blob/1bb2b7c503a701a9713b2f881795afe46044af3b/jsondata/sourcedata/rite/roman/missals/propriumdesanctis_1970/i18n/it.json; https://github.com/Liturgical-Calendar/LiturgicalCalendarAPI/blob/1bb2b7c503a701a9713b2f881795afe46044af3b/jsondata/sourcedata/rite/roman/missals/propriumdesanctis_1970/propriumdesanctis_1970.json"
12;12;Beata Vergine Maria di Guadalupe;"https://github.com/Liturgical-Calendar/LiturgicalCalendarAPI/blob/1bb2b7c503a701a9713b2f881795afe46044af3b/jsondata/sourcedata/rite/roman/missals/propriumdesanctis_2008/i18n/it.json; https://github.com/Liturgical-Calendar/LiturgicalCalendarAPI/blob/1bb2b7c503a701a9713b2f881795afe46044af3b/jsondata/sourcedata/rite/roman/missals/propriumdesanctis_2008/propriumdesanctis_2008.json"
12;13;Santa Lucia, vergine e martire;"https://github.com/Liturgical-Calendar/LiturgicalCalendarAPI/blob/1bb2b7c503a701a9713b2f881795afe46044af3b/jsondata/sourcedata/rite/roman/missals/propriumdesanctis_1970/i18n/it.json; https://github.com/Liturgical-Calendar/LiturgicalCalendarAPI/blob/1bb2b7c503a701a9713b2f881795afe46044af3b/jsondata/sourcedata/rite/roman/missals/propriumdesanctis_1970/propriumdesanctis_1970.json"
12;14;San Giovanni della Croce, sacerdote e dottore;"https://github.com/Liturgical-Calendar/LiturgicalCalendarAPI/blob/1bb2b7c503a701a9713b2f881795afe46044af3b/jsondata/sourcedata/rite/roman/missals/propriumdesanctis_1970/i18n/it.json; https://github.com/Liturgical-Calendar/LiturgicalCalendarAPI/blob/1bb2b7c503a701a9713b2f881795afe46044af3b/jsondata/sourcedata/rite/roman/missals/propriumdesanctis_1970/propriumdesanctis_1970.json"
12;21;San Pietro Canisio, sacerdote e dottore;"https://github.com/Liturgical-Calendar/LiturgicalCalendarAPI/blob/1bb2b7c503a701a9713b2f881795afe46044af3b/jsondata/sourcedata/rite/roman/missals/propriumdesanctis_1970/i18n/it.json; https://github.com/Liturgical-Calendar/LiturgicalCalendarAPI/blob/1bb2b7c503a701a9713b2f881795afe46044af3b/jsondata/sourcedata/rite/roman/missals/propriumdesanctis_1970/propriumdesanctis_1970.json"
12;23;San Giovanni da Kęty, sacerdote;"https://github.com/Liturgical-Calendar/LiturgicalCalendarAPI/blob/1bb2b7c503a701a9713b2f881795afe46044af3b/jsondata/sourcedata/rite/roman/missals/propriumdesanctis_1970/i18n/it.json; https://github.com/Liturgical-Calendar/LiturgicalCalendarAPI/blob/1bb2b7c503a701a9713b2f881795afe46044af3b/jsondata/sourcedata/rite/roman/missals/propriumdesanctis_1970/propriumdesanctis_1970.json"
12;26;Santo Stefano, protomartire;"https://github.com/Liturgical-Calendar/LiturgicalCalendarAPI/blob/1bb2b7c503a701a9713b2f881795afe46044af3b/jsondata/sourcedata/rite/roman/missals/propriumdesanctis_1970/i18n/it.json; https://github.com/Liturgical-Calendar/LiturgicalCalendarAPI/blob/1bb2b7c503a701a9713b2f881795afe46044af3b/jsondata/sourcedata/rite/roman/missals/propriumdesanctis_1970/propriumdesanctis_1970.json"
12;27;San Giovanni apostolo ed evangelista;"https://github.com/Liturgical-Calendar/LiturgicalCalendarAPI/blob/1bb2b7c503a701a9713b2f881795afe46044af3b/jsondata/sourcedata/rite/roman/missals/propriumdesanctis_1970/i18n/it.json; https://github.com/Liturgical-Calendar/LiturgicalCalendarAPI/blob/1bb2b7c503a701a9713b2f881795afe46044af3b/jsondata/sourcedata/rite/roman/missals/propriumdesanctis_1970/propriumdesanctis_1970.json"
12;28;Santi Innocenti, martiri;"https://github.com/Liturgical-Calendar/LiturgicalCalendarAPI/blob/1bb2b7c503a701a9713b2f881795afe46044af3b/jsondata/sourcedata/rite/roman/missals/propriumdesanctis_1970/i18n/it.json; https://github.com/Liturgical-Calendar/LiturgicalCalendarAPI/blob/1bb2b7c503a701a9713b2f881795afe46044af3b/jsondata/sourcedata/rite/roman/missals/propriumdesanctis_1970/propriumdesanctis_1970.json"
12;29;San Tommaso Becket, vescovo e martire;"https://github.com/Liturgical-Calendar/LiturgicalCalendarAPI/blob/1bb2b7c503a701a9713b2f881795afe46044af3b/jsondata/sourcedata/rite/roman/missals/propriumdesanctis_1970/i18n/it.json; https://github.com/Liturgical-Calendar/LiturgicalCalendarAPI/blob/1bb2b7c503a701a9713b2f881795afe46044af3b/jsondata/sourcedata/rite/roman/missals/propriumdesanctis_1970/propriumdesanctis_1970.json"
12;31;San Silvestro I, papa;"https://github.com/Liturgical-Calendar/LiturgicalCalendarAPI/blob/1bb2b7c503a701a9713b2f881795afe46044af3b/jsondata/sourcedata/rite/roman/missals/propriumdesanctis_1970/i18n/it.json; https://github.com/Liturgical-Calendar/LiturgicalCalendarAPI/blob/1bb2b7c503a701a9713b2f881795afe46044af3b/jsondata/sourcedata/rite/roman/missals/propriumdesanctis_1970/propriumdesanctis_1970.json"
